40686,23.27,23.8,23.27,23.76,3000,21.7,78653680,0.02,2917,3127,1.05,0.04
40687,23.74,23.76,23.55,23.75,4500,21.69,78611500,0.02,4457,1464,1.05,0.04
40688,23.75,24.1,23.69,24,7400,21.92,79666000,0.02,7355,1464,1.06,0.04
40689,24.23,24.74,23.66,24.49,7200,22.37,81737038,0.02,7103,1464,1.08,0.04
40690,24.96,25.5,24.96,25.15,2100,22.97,84516700,0.02,2048,1464,1.11,0.04
40694,25.15,26.44,25.15,26.1,11900,23.84,88523800,0.02,11808,1464,1.15,0.05
40695,26.33,26.57,26.33,26.35,1700,24.07,89577878,0.02,1641,1464,1.16,0.05
40696,26.35,26.52,26,26,3300,23.75,88102000,0.02,3217,1464,1.15,0.05
40697,25.5,25.67,25,25.43,1800,23.23,85697740,0.02,1775,1464,1.12,0.05
40700,25.3,25.35,23.9,24.42,7600,22.31,81437560,0.02,7596,1464,1.08,0.04
40701,23.8,24.44,22.51,23.72,22900,21.67,78484960,0.02,22830,1464,1.04,0.04
40702,23.8,24.05,23.56,24.05,800,21.97,79876900,0.02,801,1464,1.06,0.04
40703,24.1,24.15,23.4,23.85,2800,21.78,79033300,0.02,2800,2144,1.05,0.04
40704,23.99,25.4,23.28,25.35,10100,23.15,85360300,0.02,10042,2144,1.12,0.05
40707,25.5,25.5,24.85,25.45,7800,23.25,85782100,0.02,7711,2144,1.12,0.05
40708,25.09,26.62,25.09,25.2,17500,23.02,84727600,0.02,17468,2144,1.11,0.04
40709,24.85,25.79,24.79,25.79,5000,23.56,87216220,0.02,4959,2144,1.14,0.05
40710,25.77,26.7,24.95,25,22900,22.83,83884000,0.02,22821,2144,1.1,0.04
40711,24.82,25,24.54,24.71,2700,22.57,82660780,0.02,2622,2144,1.09,0.04
40714,24.86,25.5,24.76,25.5,6100,23.29,85993000,0.02,6034,2144,1.12,0.05
40715,25.76,25.76,25.4,25.4,4300,23.2,85571200,0.02,4262,2144,1.12,0.05
40716,25.9,25.9,24.75,25.2,5000,23.02,84727600,0.02,5002,2144,1.11,0.04
40717,25.2,25.2,25.2,25.2,0,23.02,84727600,0.02,5002,2144,1.11,0.04
40718,25.6,25.6,24.79,25.11,2700,22.94,84347980,0.02,2644,8405,1.11,0.04
40721,25,25,24.58,24.79,3900,22.64,82998220,0.02,3899,8405,1.09,0.04
40722,24.79,24.79,24.79,24.79,0,22.64,82998220,0.02,3899,8405,1.09,0.04
40723,24.95,25,24.53,24.75,1700,22.61,82829500,0.02,1628,8405,1.09,0.04
40724,25.5,25.5,25.25,25.34,2200,23.15,85318120,0.02,2141,8405,1.12,0.04
40725,25.38,25.38,25,25.17,1700,22.99,84601060,0.02,1646,8405,1.11,0.04
40729,25.49,25.98,25.44,25.98,1800,23.73,88028185,0.02,1771,8405,1.14,0.05
40730,25.04,25.5,24.5,25.19,2900,23.01,84685420,0.02,2900,8405,1.11,0.04
40731,25,25.41,25,25.23,500,23.05,84854140,0.02,442,8405,1.11,0.04
40732,25.72,25.9,25.35,25.67,9100,23.45,86714278,0.02,9079,8405,1.13,0.05
40735,25,25.66,25,25.16,13800,22.98,84546226,0.02,13710,8405,1.11,0.04
40736,25.5,25.99,25.28,25.76,17500,23.53,87089680,0.02,17407,2659,1.13,0.05
40737,25.96,26.37,25.96,26.19,1800,23.92,88903420,0.02,1800,2659,1.15,0.05
40738,25.73,26.19,25.5,26.19,7000,23.92,88903420,0.02,7000,2659,1.15,0.05
40739,26.4,27.04,26.4,26.8,5000,24.48,91476400,0.02,5002,2659,1.18,0.05
40742,26.38,26.7,26.17,26.62,3200,24.31,90734032,0.02,3202,2659,1.17,0.05
40743,26.98,27.5,26.2,26.85,2900,24.52,91687300,0.02,2842,2659,1.18,0.05
40744,27.23,29,27.2,29,3800,26.49,100756000,0.02,3775,2659,1.28,0.05
40745,28.03,28.64,28,28.64,1100,26.16,99237520,0.02,1003,2659,1.26,0.05
40746,29,29.07,28.6,28.6,11300,26.12,99068800,0.02,11225,2659,1.26,0.05
40749,28.77,28.77,28.05,28.25,3100,25.8,97592500,0.02,3028,2659,1.24,0.05
40750,28.37,28.37,27.72,27.75,1600,25.35,95483500,0.02,1520,4051,1.22,0.05
40751,27.02,27.02,26.5,26.51,1700,24.21,90253180,0.02,1684,4051,1.17,0.05
40752,26.58,27.2,26.47,26.56,800,24.26,90464080,0.02,780,4051,1.17,0.05
40753,25.66,26.92,25.57,25.8,4900,23.57,87258400,0.02,4888,4051,1.14,0.05
40756,25.85,25.85,23.77,25.14,14900,22.96,84474520,0.02,14836,4051,1.11,0.04
40757,24.74,25.44,24.67,25.44,1500,23.24,85739920,0.02,1440,4051,1.12,0.05
40758,25.29,25.43,24.84,25.41,2300,23.21,85613380,0.02,2279,4051,1.12,0.05
40759,24.82,25.55,24.47,25.48,1500,23.27,85908640,0.02,1500,4051,1.12,0.05
40760,24.71,25.42,24.01,24.75,2400,22.61,82812628,0.02,2307,4051,1.09,0.04
40763,23.97,23.98,21,22.77,4900,20.8,74494732,0.02,4808,4051,1,0.04
40764,22.52,23.2,22.52,23.2,800,21.19,76291600,0.02,797,2978,1.02,0.04
40765,23.39,23.62,23.19,23.62,300,21.57,78063160,0.02,300,2978,1.04,0.04
40766,23.23,25.42,22.82,25.01,5800,22.84,68788308,0.02,5715,2978,1.06,0.04
40767,25.9,26.02,25.75,25.75,3200,23.52,71926500,0.02,3189,2978,1.09,0.04
40770,24.77,25.25,24.11,25.11,4200,22.94,69227401,0.02,4122,2978,1.07,0.04
40771,24.5,24.67,24.26,24.26,1100,22.16,65641680,0.02,1083,2978,1.03,0.04
40772,24.25,24.25,23.59,23.74,900,21.68,63448320,0.02,850,2978,1.01,0.04
40773,24.3,24.3,23.5,23.71,400,21.66,63321780,0.02,309,2978,1.01,0.04
40774,23.54,23.54,22.55,22.92,2900,20.94,59989560,0.02,2822,2978,0.97,0.04
40777,22.92,22.92,22.92,22.92,0,20.94,59989560,0.02,2822,2978,0.97,0.04
40778,23.16,23.16,23.16,23.16,100,21.15,61001880,0.02,100,2978,0.98,0.04
40779,23,23,22.5,22.83,1800,20.85,59609940,0.02,1722,2561,0.97,0.04
40780,23,23.24,22.8,23.15,2500,21.15,60959700,0.02,2465,2561,0.98,0.04
40781,23.2,23.2,22.71,22.85,1600,20.87,59694300,0.02,1585,2561,0.97,0.04
40784,23.12,23.78,22.71,23.21,8400,21.2,61212780,0.02,8325,2561,0.99,0.04
40785,23.21,23.21,23.21,23.21,0,21.2,61212780,0.02,8325,2561,0.99,0.04
40786,23.23,23.5,23.2,23.47,1100,21.44,62292588,0.02,1101,2561,1,0.04
40787,23.5,23.92,23.11,23.11,3300,21.11,60790980,0.02,3300,2561,0.98,0.04
40788,23.67,23.67,22.7,22.7,400,20.73,59061600,0.02,391,2561,0.96,0.04
40792,22.72,22.72,21,21.43,3600,19.57,53704740,0.03,3520,2561,0.91,0.03
40793,21.64,23.52,21.64,22.85,11400,20.87,59694300,0.02,11327,2561,0.97,0.04
40794,22.69,23.41,22.57,23.41,2700,21.38,62056380,0.02,2607,2561,0.99,0.04
40795,23.24,23.24,22.15,22.6,1100,20.64,58622928,0.02,1100,2561,0.96,0.04
40798,21.95,22.75,21.9,22.75,900,20.78,59272500,0.02,865,1834,0.97,0.04
40799,22.88,22.88,22.34,22.71,1800,20.74,59103780,0.02,1800,1834,0.96,0.04
40800,22.99,23.51,22.99,23,1800,21.01,60327000,0.02,1800,1834,0.98,0.04
40801,23.52,23.59,23.07,23.07,1300,21.07,60622260,0.02,1278,1834,0.98,0.04
40802,23.02,23.02,22.86,22.86,1000,20.88,59728044,0.02,915,1834,0.97,0.04
40805,22.13,22.36,21.63,21.66,600,19.78,54674880,0.02,600,1834,0.92,0.03
40806,21.76,23.12,21.63,22,4400,20.09,56109000,0.02,4400,1834,0.93,0.03
40807,21.98,23.32,21.68,21.68,6200,19.8,54759240,0.02,6112,1834,0.92,0.03
40808,21.52,21.94,19.9,21,5000,19.18,51891421,0.03,4972,1834,0.89,0.03
40809,20.97,21.1,20.6,20.6,4000,18.82,50203800,0.03,4000,1834,0.87,0.03
40812,20.51,21,20.51,20.73,2800,18.93,50752140,0.03,2800,2193,0.88,0.03
40813,20.98,21.6,19.23,20.49,7500,18.72,49718730,0.03,7470,2193,0.87,0.03
40814,20.9,20.9,19.91,19.91,300,18.19,47293380,0.03,300,2193,0.85,0.03
40815,20.19,20.19,19.23,19.65,21300,17.95,46196700,0.03,21231,2193,0.83,0.03
40816,20.07,20.3,18.73,20.1,10400,18.36,48094800,0.03,10365,2193,0.85,0.03
40819,19.55,20.01,19.03,19.82,3800,18.1,46913760,0.03,3731,2193,0.84,0.03
40820,19.71,20.75,18.9,20.13,14600,18.39,48221340,0.03,14576,2193,0.85,0.03
40821,19.6,21.2,19.15,19.35,11900,17.67,44931300,0.03,11837,2193,0.82,0.03
40822,19.86,20.12,19.12,19.93,2100,18.2,47377740,0.03,2040,2193,0.85,0.03
40823,19.77,19.77,19.5,19.5,1300,17.81,45564000,0.03,1300,2193,0.83,0.03
40826,19.4,20.5,19.4,20.2,5700,18.45,48516600,0.03,5628,2193,0.86,0.03
40827,20.09,21.06,19.94,19.94,1200,18.21,47419920,0.03,1107,1337,0.85,0.03
40828,20.48,20.55,19.85,20.21,2300,18.46,48558780,0.03,2269,1337,0.86,0.03
40829,20.25,21.4,20.25,21.13,5400,19.3,52439340,0.03,5337,1337,0.9,0.03
40830,21.2,21.72,20.21,20.88,7100,19.07,51384840,0.03,7017,1337,0.89,0.03
40833,21.06,22,20.07,21.15,13600,19.32,52523700,0.03,13521,1337,0.9,0.03
40834,21.62,23.1,21.58,21.59,8300,19.72,54379620,0.03,8228,1337,0.92,0.03
40835,21.68,21.98,20.64,21.9,2700,20,55687200,0.02,2670,1337,0.93,0.03
40836,21.94,21.94,21.64,21.75,4800,19.87,55054500,0.02,4800,1337,0.92,0.03
40837,22,23.5,21.94,21.94,14900,20.04,55855920,0.02,14811,1337,0.93,0.03
40840,22.3,23.2,21.94,22.51,1600,20.56,58260180,0.02,1511,1337,0.96,0.04
40841,21.29,22.39,21.29,22,2000,20.09,56109000,0.02,1919,1337,0.93,0.03
40842,22.75,22.75,22.05,22.39,1800,20.45,57754020,0.02,1800,2379,0.95,0.04
40843,23.51,23.75,22.68,23,5500,21.01,60327000,0.02,5475,2379,0.98,0.04
40844,23,24,22.88,23.5,2700,21.46,62436000,0.02,2640,2379,1,0.04
40847,23.99,23.99,23.1,23.7,2400,21.65,63279600,0.02,2345,2379,1.01,0.04
40848,23.25,23.58,22.9,22.9,4100,20.92,59905200,0.02,4011,2379,0.97,0.04
40849,23.73,23.73,23.37,23.45,700,21.42,62225100,0.02,677,2379,1,0.04
40850,23.38,24,23.38,23.62,1100,21.57,62942160,0.02,1020,2379,1,0.04
40851,23.09,23.65,20.15,20.15,46900,18.41,48305700,0.03,46804,2379,0.86,0.03
40854,20.15,20.97,20.15,20.63,9300,18.84,50330340,0.03,9292,2379,0.88,0.03
40855,21.47,22,21.43,21.88,6400,19.99,55602840,0.02,6320,2379,0.93,0.03
40856,21.82,22.2,20.36,20.9,7300,19.09,51469200,0.03,7209,2074,0.89,0.03
40857,21.2,24,21.2,24,10100,21.92,51672000,0.02,10013,2074,0.93,0.03
40858,23.85,24.02,23,23.52,12000,21.48,49647360,0.02,11988,2074,0.92,0.03
40861,22.95,24.05,22.92,24.05,9200,21.97,48323900,0.02,9104,2074,0.94,0.03
40862,23.63,24.94,23.49,24.91,22400,22.75,51951380,0.02,22387,2074,0.97,0.04
40863,24.53,26.25,24.53,25.75,9200,23.52,55494500,0.02,9191,2074,1,0.04
40864,25.76,26.25,24.7,25.49,8700,23.28,54397820,0.02,8681,2074,0.99,0.04
40865,25.4,25.84,25.02,25.08,5800,22.91,52668440,0.02,5756,2074,0.98,0.04
40868,25.08,25.6,24,24.96,23900,22.8,52162280,0.02,23808,2074,0.97,0.04
40869,24.55,25.47,24.55,25.13,3100,22.95,52879340,0.02,3054,2074,0.98,0.04
40870,24.96,25.8,24.3,25.25,13600,23.06,53385500,0.02,13524,2074,0.98,0.04
40872,25.14,25.95,25.14,25.95,2200,23.7,56338100,0.02,2109,2074,1.01,0.04
40875,26.1,27.5,25.89,27.39,40200,25.02,62412020,0.02,40121,2562,1.07,0.04
40876,26.35,27.25,24.95,25.53,9700,23.81,54566540,0.02,9633,2562,0.99,0.04
40877,26.42,27,25.1,26.49,9500,24.71,58615820,0.02,9426,2562,1.03,0.04
40878,26.86,27.42,26.6,27.42,3800,25.58,62538560,0.02,3750,2562,1.07,0.04
40879,27.42,28,26.95,28,4100,26.12,64985000,0.02,4090,2562,1.09,0.04
40882,28,28.88,27.41,28.03,24800,26.15,65111540,0.02,24781,2562,1.09,0.04
40883,27.86,28.62,27.42,27.84,12500,25.97,64310120,0.02,12405,2562,1.08,0.04
40884,27.69,28.21,26.67,27.7,8300,25.84,63719600,0.02,8224,2562,1.08,0.04
40885,27.65,27.78,26.52,26.7,2500,24.91,59480510,0.02,2468,2562,1.04,0.04
40886,26.55,26.91,25.2,26.4,1900,24.63,58236200,0.02,1845,4660,1.03,0.04
40889,26.11,27.31,26.11,27.3,1300,25.47,62032400,0.02,1231,4660,1.06,0.04
40890,27.96,27.99,26.79,27.86,15800,25.99,64394480,0.02,15794,4660,1.08,0.04
40891,27.77,28.42,27.1,27.1,3100,25.28,61188800,0.02,3074,4660,1.05,0.04
40892,27.14,27.35,26.55,26.71,5900,24.92,59543780,0.02,5900,4660,1.04,0.04
40893,27.18,28.35,26.4,26.4,9800,24.63,58236200,0.02,9721,4660,1.03,0.04
40896,26.4,27.13,26.4,26.51,2500,24.73,58700180,0.02,2476,4660,1.03,0.04
40897,26.55,28.09,26.55,27,2900,25.19,60767000,0.02,2826,4660,1.05,0.04
40898,27.2,28,27,27.61,4900,25.75,63339980,0.02,4840,4660,1.07,0.04
40899,27.55,27.55,27,27.1,5900,25.28,61192174,0.02,5843,4660,1.05,0.04
40900,27.29,27.97,27.02,27.71,1700,25.85,63761780,0.02,1665,4660,1.08,0.04
40904,27.53,28,27.53,27.8,5300,25.93,64141400,0.02,5282,1570,1.08,0.04
40905,27.96,27.96,27,27.26,3900,25.43,61863680,0.02,3885,1570,1.06,0.04
40906,27.5,28.1,27.27,28,1200,26.12,64985000,0.02,1200,1570,1.09,0.04
40907,28.34,29.5,27.68,29.11,8800,27.15,69671198,0.02,8771,1570,1.13,0.04
40911,29.5,29.92,29.2,29.51,13100,27.53,71354180,0.02,13033,1570,1.15,0.04
40912,29.59,31.3,29.59,31.3,9200,29.2,78904400,0.02,9138,1570,1.22,0.04
40913,31,31.95,30.55,31.34,9900,29.23,79073120,0.02,9843,1570,1.22,0.04
40914,31.55,33,31.55,32.89,9700,30.68,85611020,0.02,9676,1570,1.28,0.05
40917,33.23,36.65,32.51,36.58,12800,34.12,101175440,0.02,12800,1570,1.42,0.05
40918,37.47,37.95,37.02,37.93,13300,35.38,106880285,0.02,13291,1570,1.48,0.05
40919,37.91,38.2,37,37.6,17500,35.07,105477800,0.02,17575,6361,1.46,0.05
40920,37.89,37.89,34.31,34.31,16600,32,91600580,0.02,16534,6361,1.34,0.05
40921,34.45,35.5,32.75,34.14,15300,31.85,90883520,0.02,15273,6361,1.33,0.05
40925,34.49,36.89,34.28,36.35,12000,33.91,100205300,0.02,11928,6361,1.41,0.05
40926,36.63,36.78,35.85,36.44,36500,33.99,100584920,0.02,36421,6361,1.42,0.05
40927,36.5,37.24,36.5,36.71,8600,34.24,101723780,0.02,8555,6361,1.43,0.05
40928,37,37.18,36.75,37.18,9500,34.68,103706240,0.02,9490,6361,1.45,0.05
40931,38.1,38.1,37,37.88,13800,35.33,106658840,0.02,13723,6361,1.47,0.05
40932,38,38,37.28,37.85,8200,35.31,106532300,0.02,8133,6361,1.47,0.05
40933,37.95,38.6,37.95,38.48,11000,35.89,109189640,0.01,10990,9185,1.5,0.05
40934,39,39.49,38.42,38.81,8300,36.2,110581580,0.01,8212,9185,1.51,0.06
40935,38.8,38.8,38.49,38.5,7700,35.91,109274000,0.01,7650,9185,1.5,0.06
40938,38.8,39.53,38.38,38.78,8000,36.17,110455040,0.01,7952,9185,1.51,0.06
40939,39.22,39.22,38.13,38.13,7400,35.57,107713340,0.01,7344,9185,1.48,0.05
40940,38.36,38.5,38.33,38.44,7500,35.86,109020920,0.01,7454,9185,1.5,0.05
40941,38.97,38.97,38.34,38.74,25500,36.14,110286320,0.01,25461,9185,1.51,0.06
40942,39,39,38.18,38.49,16100,35.9,109231820,0.01,16053,9185,1.5,0.06
40945,37.98,39,37.98,38.34,15400,35.76,108599120,0.01,15361,9185,1.49,0.05
40946,38.75,39,38.45,38.9,10400,36.29,110961200,0.01,10386,9185,1.51,0.06
40947,38.69,39.75,38.65,39.75,7500,37.08,114546500,0.01,7481,9185,1.55,0.06
40948,40.02,41.5,40.02,40.73,28800,37.99,118680140,0.01,28736,7135,1.59,0.06
40949,40.89,41.3,40.1,40.4,10300,37.69,117288200,0.01,10226,7135,1.57,0.06
40952,40.96,41,40.76,40.95,19900,38.2,119608100,0.01,19818,7135,1.59,0.06
40953,40.9,41.57,40.34,40.9,14300,38.15,119376110,0.01,14255,7135,1.59,0.06
40954,41.19,41.19,40,40.9,17100,38.15,119397200,0.01,17097,7135,1.59,0.06
40955,40.75,40.96,38.49,40.49,23500,37.77,117667820,0.01,23431,7135,1.58,0.06
40956,40.93,40.93,38.26,38.28,25300,35.71,108346040,0.01,25244,7135,1.49,0.05
40960,38.71,39.15,38.28,38.87,23900,36.26,110834660,0.01,23863,7135,1.51,0.06
40961,38.97,40.29,38.87,39.72,24000,37.05,114419960,0.01,23964,7135,1.55,0.06
40962,40,40.35,40,40.11,11700,37.41,116064980,0.01,11606,7135,1.56,0.06
40963,40.36,41.45,40.34,41.18,26200,38.41,120578240,0.01,26171,7135,1.6,0.06
40966,41.41,42.45,41.41,41.89,20400,39.08,123573020,0.01,20351,3241,1.63,0.06
40967,42.11,42.11,41.29,41.94,58400,39.12,123783920,0.01,58322,3241,1.63,0.06
40968,42.04,42.5,41.47,41.47,20500,38.68,121801460,0.01,20430,3241,1.61,0.06
40969,41.86,46,41.86,45.7,15400,42.63,139643600,0.01,15304,3241,1.78,0.07
40970,46.15,46.15,44.5,45.89,16800,42.81,140445020,0.01,16757,3241,1.79,0.07
40973,46.12,46.18,44.83,44.89,33500,41.87,136227020,0.01,33464,3241,1.75,0.06
40974,45.1,46.01,44.02,44.9,21200,41.88,136269200,0.01,21164,3241,1.75,0.06
40975,44.68,45,44.12,44.4,21900,41.42,134160200,0.01,21842,3241,1.73,0.06
40976,44.97,44.99,44.55,44.85,9000,41.84,136058300,0.01,8933,3241,1.75,0.06
40977,45.08,45.4,44.51,44.75,31600,41.74,135636500,0.01,31515,4877,1.74,0.06
40980,45.38,46,45.2,45.71,14500,42.64,139685780,0.01,14436,4877,1.78,0.07
40981,45.99,46,44.96,46,23300,42.91,140909000,0.01,23244,4877,1.79,0.07
40982,46,47.85,45.73,47.62,19500,44.42,147742160,0.01,19411,4877,1.85,0.07
40983,47.5,52.62,47.5,52,16500,48.51,166217000,0.01,16475,4877,2.02,0.07
40984,52,56.33,52,55.83,72200,52.08,182371940,0.01,72158,4877,2.17,0.08
40987,55.85,59.15,55.38,56.79,56200,52.97,186421220,0.01,56144,4877,2.21,0.08
40988,57.91,58.73,56.96,58.73,59800,54.78,194604140,0.01,59725,4877,2.29,0.08
40989,58.73,60.43,57.88,58.67,28800,54.73,194334188,0.01,28720,4877,2.28,0.08
40990,58,58.9,57.1,58.9,23700,54.94,211373778,0.01,23686,4877,2.23,0.08
40991,59,62.97,58.92,62.97,36200,58.74,228541460,0.01,36102,4877,2.4,0.08
40994,63.5,66.13,62.2,65.9,38800,61.47,240908636,0.01,38776,4366,2.51,0.09
40995,66.16,70.73,66.16,69.89,78100,65.19,257730020,0.01,78059,4366,2.66,0.09
40996,70.74,75.13,70,73.94,98100,68.97,274812920,0.01,98014,4366,2.82,0.1
40997,74.66,74.66,64.28,64.28,111900,59.96,234067040,0.01,111868,4366,2.45,0.08
40998,64.28,64.37,56.58,57.18,157700,53.34,204119240,0.01,157673,4366,2.18,0.08
41001,56.94,62.44,54.63,59.26,93900,55.28,212892680,0.01,93826,4366,2.26,0.08
41002,59.25,59.25,56.6,58.3,41500,54.38,208843400,0.01,41494,4366,2.22,0.08
41003,56.82,59.45,55.2,59.45,30500,55.45,213694100,0.01,30485,4366,2.27,0.08
41004,59.3,67.2,59.25,66.95,41800,62.45,245329100,0.01,41761,4366,2.55,0.09
41008,66.29,73.95,65.33,71.54,68300,66.73,264689720,0.01,68224,4366,2.73,0.09
41009,72.26,74.73,67.39,68,67400,63.43,249758000,0.01,67339,4366,2.59,0.09
41010,68.5,71.34,66.96,68.51,37100,63.91,251909180,0.01,37053,57106,2.61,0.09
41011,68.51,69.9,67.25,69.03,43100,64.39,254102540,0.01,43087,57106,2.63,0.09
41012,69.27,70.16,68.86,69.15,11600,64.5,254608700,0.01,11528,57106,2.63,0.09
41015,70.11,71.03,67.6,71.03,38400,66.26,262538540,0.01,38378,57106,2.71,0.09
41016,71.66,71.92,69.01,70,24200,65.3,258194000,0.01,24111,57106,2.67,0.09
41017,70,70.07,67.21,67.29,20000,62.77,246750144,0.01,19962,57106,2.56,0.09
41018,66.99,66.99,64.58,65.92,21800,61.49,240984560,0.01,21793,57106,2.51,0.09
41019,66.35,66.36,59.1,59.82,43500,55.8,215254760,0.01,43452,57106,2.28,0.08
41022,59.7,60.2,56.06,57.35,30100,53.5,204836300,0.01,30062,57106,2.19,0.08
41023,57.29,58.51,54.91,57.86,44500,53.97,206987480,0.01,44458,50333,2.2,0.08
41024,58.36,61.87,58.08,61.59,28100,57.45,222720620,0.01,28023,50333,2.35,0.08
41025,61.58,61.59,59.68,61.5,13600,57.37,222341000,0.01,13596,50333,2.34,0.08
41026,61.28,61.3,58.52,60.5,17400,56.43,218123000,0.01,18816,50333,2.31,0.08
41029,60.51,61.73,60.08,60.73,17700,56.65,219093140,0.01,17640,50333,2.31,0.08
41030,60.63,64.7,59.38,62.61,29000,58.4,227022980,0.01,28735,50333,2.39,0.08
41031,62.33,62.65,61.05,61.79,11300,57.64,223564220,0.01,11236,50333,2.35,0.08
41032,61.49,62.83,59.89,59.89,13200,55.87,215550020,0.01,13189,50333,2.28,0.08
41033,59.3,60.63,58.59,58.9,10700,54.94,211374200,0.01,10625,50333,2.24,0.08
41036,58.01,59.32,57.57,58.28,11600,54.36,208759040,0.01,11598,50333,2.22,0.08
41037,57.93,58.38,56.76,57.99,7700,54.09,207535820,0.01,7605,50333,2.21,0.08
41038,56.88,58.27,52.74,53.83,15900,50.21,191065940,0.01,15891,24111,1.93,0.07
41039,53.66,55.81,52.15,53.64,31300,50.04,190264520,0.01,31208,24111,1.93,0.07
41040,53.18,53.18,42.99,44.25,43000,41.28,150657500,0.01,43441,24111,1.59,0.05
41043,44,44,39.01,40.27,51900,37.56,133869860,0.01,51873,24111,1.45,0.05
41044,39.6,40.84,38.09,38.82,23800,36.21,127753760,0.01,23757,24111,1.4,0.05
41045,38.32,38.74,36.51,37.77,33600,35.23,123324860,0.02,33543,24111,1.36,0.05
41046,36.66,37.35,35.77,36.07,21000,33.65,116154260,0.02,20956,24111,1.3,0.04
41047,35.7,36,33.01,33.75,23000,31.48,106368500,0.02,23291,24111,1.21,0.04
41050,33.65,36.88,33.65,34.96,26200,32.61,111472280,0.02,26201,24111,1.26,0.04
41051,35.03,35.88,33.81,35.88,16500,33.47,115352840,0.02,16481,24111,1.29,0.04
41052,35.93,37.25,34.9,37.24,19000,34.74,121089320,0.02,18926,24111,1.34,0.05
41053,37.05,37.68,35.78,37.11,12800,34.62,120540980,0.02,12719,24111,1.33,0.05
41054,36.86,37.35,36.6,37.18,4100,34.68,120836240,0.02,4060,24111,1.34,0.05
41058,37.18,37.29,36.14,36.92,10400,34.44,119739560,0.02,10312,15527,1.33,0.05
41059,36.84,37.25,34.52,34.81,13900,32.47,110839580,0.02,13857,15527,1.25,0.04
41060,34.91,36.57,33.08,35.45,9400,33.07,113539100,0.02,9376,15527,1.28,0.04
41061,34.72,36.11,32.64,32.66,10900,30.47,101770880,0.02,10832,15527,1.17,0.04
41064,32.88,33.38,31.35,33.11,21700,30.89,103668980,0.02,21635,15527,1.19,0.04
41065,32.88,33.29,31.35,32.81,16900,30.61,102403580,0.02,16804,15527,1.18,0.04
41066,32.83,34.48,32.8,33.25,11200,31.02,104259500,0.02,11120,15527,1.2,0.04
41067,33.25,33.25,30.2,31.71,18400,29.58,97763780,0.02,18396,15527,1.14,0.04
41068,31.04,31.08,28.58,29.5,39000,27.52,88442000,0.02,38984,15527,1.06,0.04
41071,29.5,30.22,27.85,28.94,27000,27,86079920,0.02,26968,6845,1.04,0.04
41072,29.5,29.88,28.56,29.72,14800,27.72,89369960,0.02,14775,6845,1.07,0.04
41073,30.19,30.7,29.12,30.14,17300,28.11,91141520,0.02,15303,6845,1.08,0.04
41074,30.57,32.76,30,32.18,19800,30.02,99746240,0.02,19755,6845,1.16,0.04
41075,32.04,34.38,31.8,33.8,28400,31.53,106579400,0.02,28374,6845,1.22,0.04
41078,33.5,36.24,33.01,35.52,21900,33.13,113834360,0.02,21810,6845,1.28,0.04
41079,36.01,39.99,35.98,39.7,29700,37.03,131465600,0.01,29691,6845,1.43,0.05
41080,40,40.49,38.02,39.73,40000,37.06,131592140,0.01,39917,6845,1.43,0.05
41081,39.69,39.92,37.3,38.2,28400,35.63,125138600,0.01,28324,6845,1.37,0.05
41082,37.67,37.95,36.07,37.39,257200,34.88,121722020,0.02,257164,6845,1.34,0.05
41085,36.7,37.96,34.06,37.59,19800,35.06,122565620,0.02,19787,6845,1.35,0.05
41086,37.76,38.89,37.76,38.6,9200,36.01,126825800,0.01,9167,8645,1.39,0.05
41087,38.93,39.8,38.32,39.38,14500,36.73,130115840,0.01,14471,8645,1.42,0.05
41088,38.82,39.88,37.41,39.22,15000,36.58,129440960,0.01,14946,8645,1.41,0.05
41089,41.2,42.5,40.68,41.92,21900,39.1,140829560,0.01,21868,8645,1.51,0.05
41092,41.53,42.1,41.4,42.1,12800,39.27,141588800,0.01,12759,8645,1.51,0.05
41093,42.26,43,40.29,43,14100,40.11,145385000,0.01,14051,8645,1.55,0.05
41095,43,43.46,42.01,43.02,11200,40.13,145469360,0.01,11164,8645,1.55,0.05
41096,43.2,43.4,42,42.34,11700,39.49,142601120,0.01,11677,8645,1.52,0.05
41099,42.48,42.8,41,42.4,13900,39.55,142854200,0.01,13887,8645,1.53,0.05
41100,43.07,43.9,42.25,43.54,15700,40.61,147662720,0.01,15642,8645,1.57,0.05
41101,43.68,44.4,42.63,43.95,11200,41,149392100,0.01,11119,89033,1.58,0.05
41102,43.52,43.9,42.39,42.8,11200,39.92,144541400,0.01,11161,89033,1.54,0.05
41103,43.18,47.12,42.73,46.45,40600,43.33,159937100,0.01,40599,89033,1.67,0.06
41106,46.44,47.33,45.17,45.65,30900,42.58,156562700,0.01,30877,89033,1.64,0.06
41107,46.57,47,43.81,44.32,9900,41.34,150952760,0.01,9804,89033,1.59,0.05
41108,44.24,46.16,43.89,45.89,13500,42.81,157575020,0.01,13464,89033,1.65,0.06
41109,46.44,47,45.3,46.09,7100,42.99,158418620,0.01,7048,89033,1.66,0.06
41110,46.02,46.02,42.23,42.77,10400,39.9,144414860,0.01,10385,89033,1.54,0.05
41113,42.47,44.65,40.24,44.58,16600,41.58,152049440,0.01,16575,89033,1.6,0.05
41114,44.42,44.81,43.4,44.11,6700,41.15,150066980,0.01,6700,96020,1.59,0.05
41115,44.75,45,43.55,44.48,5600,41.49,151627640,0.01,5582,96020,1.6,0.05
41116,44.98,45.45,42.93,43.2,7100,40.3,146228600,0.01,7060,96020,1.55,0.05
41117,43.59,43.59,40.07,42.32,9500,39.48,142516760,0.01,9497,96020,1.52,0.05
41120,42.59,42.59,41.32,41.94,4200,39.12,140913920,0.01,4134,96020,1.51,0.05
41121,42.11,42.11,40.19,41.56,6800,38.77,139311080,0.01,6716,96020,1.49,0.05
41122,41.64,41.64,40.17,40.17,7000,37.47,133448060,0.01,6909,96020,1.44,0.05
41123,40.07,40.72,39.35,39.67,5000,37,131339060,0.01,4904,96020,1.43,0.05
41124,40.23,41.6,39.3,39.9,15400,37.22,132309200,0.01,15322,96020,1.44,0.05
41127,39.47,39.56,37.68,38.18,9300,35.61,125054240,0.01,9209,96020,1.37,0.05
41128,38.72,39.5,37.9,38.11,4400,35.55,124758980,0.01,4344,96020,1.37,0.05
41129,37.47,37.88,37.03,37.22,8300,34.72,121004960,0.02,8296,96020,1.34,0.05
41130,36.97,37.72,35.75,36.57,5600,34.11,118263260,0.02,5560,106079,1.32,0.04
41131,35.89,37,35.89,36.32,2800,33.88,117208760,0.02,2717,106079,1.31,0.04
41134,36.45,37,33.03,34.38,10000,32.07,112801840,0.02,10209,106079,1.18,0.04
41135,35.75,36.9,35.01,35.35,9400,32.97,116893300,0.02,9387,106079,1.22,0.04
41136,35.3,35.84,34.75,35.84,9900,33.43,118960120,0.02,9841,106079,1.23,0.04
41137,36.87,38.29,36.2,38.29,7800,35.72,129294220,0.01,7743,106079,1.32,0.05
41138,38.3,39.47,35.39,39.45,8400,36.8,134187100,0.01,8311,106079,1.36,0.05
41141,39.35,40.49,38.55,39.41,11300,36.76,134018380,0.01,11210,106079,1.36,0.05
41142,39.45,39.45,37.63,38.06,11800,35.5,128324080,0.01,11763,106079,1.31,0.05
41143,38.54,38.54,36.65,36.78,3200,34.31,122925040,0.02,3172,106079,1.26,0.04
41144,36.14,36.22,35.12,35.26,4700,32.89,116513680,0.02,4662,106079,1.21,0.04
41145,35.5,35.62,34,35.62,4700,33.23,118032160,0.02,4604,98854,1.22,0.04
41148,35.7,35.7,35.01,35.09,2600,32.73,115796620,0.02,2556,98854,1.21,0.04
41149,35.56,35.86,35.29,35.59,1600,33.2,117905620,0.02,1536,98854,1.22,0.04
41150,35.95,36,35.64,36,1700,33.58,119635000,0.02,1641,98854,1.24,0.04
41151,35.67,35.67,35,35.05,3900,32.69,115627900,0.02,3812,98854,1.21,0.04
41152,35.33,36.2,35,35.1,5000,32.74,115838800,0.02,4911,98854,1.21,0.04
41156,35.59,35.84,35.16,35.65,2800,33.25,118158700,0.02,2747,98854,1.23,0.04
41157,35.97,35.97,35,35.3,3000,32.93,116682400,0.02,2946,98854,1.21,0.04
41158,35.83,36.37,34.5,36.34,6100,33.9,121069120,0.02,6018,98854,1.25,0.04
41159,36.14,36.4,36.07,36.07,1500,33.65,119930260,0.02,1423,98854,1.24,0.04
41162,36,36.24,36,36,6800,33.58,119635000,0.02,6753,98854,1.24,0.04
41163,36.24,36.24,35.85,36.14,2600,33.71,120225520,0.02,2589,98854,1.24,0.04
41164,35.98,37.42,35.98,36.7,7500,34.23,122587600,0.02,7499,92243,1.26,0.04
41165,36.67,36.67,36.22,36.41,6000,33.96,121364380,0.02,5976,92243,1.25,0.04
41166,36.72,37.05,36.44,36.44,9500,33.99,121490920,0.02,9465,92243,1.25,0.04
41169,36.43,36.43,35,35.15,12600,32.79,116049700,0.02,12566,92243,1.21,0.04
41170,34.8,35.11,34.12,34.72,4900,32.39,114235960,0.02,4826,92243,1.19,0.04
41171,34.81,34.81,33.86,33.87,15100,31.59,110650660,0.02,15053,92243,1.16,0.04
41172,34,34.39,33.53,33.6,3500,31.34,109511800,0.02,3421,92243,1.16,0.04
41173,33.9,33.95,32.9,33.16,15400,30.93,107655880,0.02,15382,92243,1.14,0.04
41176,33.16,33.16,32.55,32.89,2400,30.68,106517020,0.02,2307,92243,1.13,0.04
41177,32.4,32.62,32.1,32.15,5400,29.99,103395700,0.02,5354,88776,1.11,0.04
41178,32,32.08,31.02,31.02,6900,28.94,98629360,0.02,6841,88776,1.07,0.04
41179,30.68,30.94,30,30.75,9400,28.68,97490500,0.02,9342,88776,1.06,0.04
41180,30.11,30.8,30.11,30.5,7400,28.45,96436000,0.02,7395,88776,1.05,0.04
41183,30.55,31.88,30.53,31.4,16200,29.29,100232200,0.02,16171,88776,1.08,0.04
41184,31.54,33.76,31.4,31.99,29700,29.84,102720820,0.02,29620,88776,1.1,0.04
41185,32.3,32.99,32.07,32.58,6500,30.39,105209440,0.02,6466,88776,1.12,0.04
41186,32.74,34.31,32.74,33.88,10600,31.6,110692840,0.02,10587,88776,1.17,0.04
41187,34.33,35.25,34.31,35.25,28700,32.88,116471500,0.02,28653,88776,1.21,0.04
41190,34.9,35.48,34.9,35.21,5600,32.84,116302780,0.02,5551,88776,1.21,0.04
41191,35.71,35.71,35.25,35.25,11300,32.88,116471500,0.02,11288,61873,1.21,0.04
41192,35.5,35.5,34.33,34.69,7800,32.36,114109420,0.02,7706,61873,1.19,0.04
41193,35.12,35.12,33.48,33.48,8300,31.23,109005640,0.02,8248,61873,1.15,0.04
41194,33.76,34.77,32.36,32.52,13900,30.33,104956360,0.02,13859,61873,1.12,0.04
41197,32.47,33.16,32,33.16,7800,30.93,107655880,0.02,7753,61873,1.14,0.04
41198,33.07,33.09,32.43,32.98,6200,30.76,106896640,0.02,6163,61873,1.13,0.04
41199,32.72,33.69,32.55,33.37,3000,31.13,108541660,0.02,2995,61873,1.15,0.04
41200,33.82,33.89,32.3,32.35,7200,30.18,104239300,0.02,7123,61873,1.11,0.04
41201,32,32.19,31.44,31.77,6300,29.64,101792860,0.02,6248,61873,1.09,0.04
41204,31.5,31.83,31.45,31.5,2000,29.38,100654000,0.02,1984,61873,1.08,0.04
41205,31.44,31.66,31.44,31.44,1300,29.33,100400920,0.02,1219,61873,1.08,0.04
41206,31.32,31.74,29.87,29.87,12800,27.86,93778660,0.02,12721,52802,1.03,0.04
41207,30.41,31,29.15,29.99,12000,27.97,94284820,0.02,11948,52802,1.03,0.04
41208,30.24,30.5,29.55,30.5,4900,28.45,96436000,0.02,4803,52802,1.05,0.04
41213,30.22,30.7,30.1,30.42,6400,28.38,96098560,0.02,6385,52802,1.05,0.04
41214,30.73,30.77,30.51,30.59,3000,28.53,96815620,0.02,3002,52802,1.05,0.04
41215,30.94,30.94,30.02,30.12,6300,28.1,94833160,0.02,6267,52802,1.04,0.04
41218,29.93,30.61,29.93,30.25,3000,28.22,95381500,0.02,2924,52802,1.04,0.04
41219,30.5,30.83,30.5,30.8,600,28.73,97701400,0.02,560,52802,1.06,0.04
41220,30.36,30.56,29.61,29.65,4100,27.66,92850700,0.02,4064,52802,1.02,0.04
41221,30.08,31,29.5,29.5,8800,27.52,72377000,0.02,8741,52802,0.95,0.04
41222,29.33,31.23,28.1,31.08,16300,28.99,79041440,0.02,16220,49485,1,0.04
41225,31.1,32.69,31.1,31.95,3600,29.8,82711100,0.02,3534,49485,1.03,0.04
41226,31.71,32.42,31.71,32.03,2300,29.88,83048540,0.02,2279,49485,1.03,0.04
41227,32.3,32.65,31.99,31.99,5100,29.84,82879820,0.02,5080,49485,1.03,0.04
41228,32.32,33.16,31.91,32.16,7400,30,83596880,0.02,7327,49485,1.04,0.04
41229,32.49,35,32.22,34.59,17800,32.27,93846620,0.02,17753,49485,1.11,0.04
41232,35,35.5,34.71,35.46,6200,33.08,97516280,0.02,6130,49485,1.14,0.04
41233,35.06,36.2,35.04,35.06,9800,32.7,95829080,0.02,9743,49485,1.13,0.04
41234,35,35,34.19,34.33,3700,32.02,92749940,0.02,3610,49485,1.11,0.04
41236,34.3,34.7,33.15,33.48,8200,31.23,89164640,0.02,8125,49485,1.08,0.04
41239,33.95,33.95,33.19,33.61,2600,31.35,89712980,0.02,2539,49485,1.08,0.04
41240,33.27,33.27,32.4,32.83,6600,30.62,86422940,0.02,6570,54338,1.06,0.04
41241,32.41,32.41,31.77,32.35,6900,30.18,84398300,0.02,6879,54338,1.04,0.04
41242,32.3,32.51,31.9,32.49,6700,30.9,84988820,0.02,6678,54338,1.05,0.04
41243,32.51,34.9,32.51,34.89,15000,33.18,95112020,0.02,14916,54338,1.12,0.04
41246,35,35,34.27,34.81,4900,33.11,94774580,0.02,4864,54338,1.12,0.04
41247,35,35,34.05,34.29,6000,32.61,92581220,0.02,5991,54338,1.1,0.04
41248,34.7,34.7,33.55,33.71,8500,32.06,90134780,0.02,8425,54338,1.09,0.04
41249,33.41,33.49,33,33,13900,31.38,87140000,0.02,13875,54338,1.06,0.04
41250,33.73,33.96,33.15,33.6,8600,31.95,89670800,0.02,8511,54338,1.08,0.04
41253,33.86,34.09,33.61,33.61,5800,31.96,89712980,0.02,5749,54338,1.08,0.04
41254,33.6,34,33.33,34,7400,32.34,91358000,0.02,7397,55252,1.1,0.04
41255,33.26,34.1,33.26,33.96,4700,32.3,91189280,0.02,4611,55252,1.09,0.04
41256,33.96,34.03,32.56,33.08,5100,31.46,87477440,0.02,5016,55252,1.07,0.04
41257,33.1,33.19,32.77,33.19,2200,31.56,87941420,0.02,2119,55252,1.07,0.04
41260,33.07,33.12,32.7,33.12,4800,31.5,87646160,0.02,4737,55252,1.07,0.04
41261,33.16,34.24,33.02,34.15,6600,32.48,91990700,0.02,6530,55252,1.1,0.04
41262,34,34.1,33.61,33.61,6000,31.96,89712980,0.02,5962,55252,1.08,0.04
41263,33.41,34.01,33.41,34.01,4600,32.34,91400180,0.02,4518,55252,1.1,0.04
41264,34,34,33.3,34,21400,32.34,91358000,0.02,21308,55252,1.1,0.04
41267,33.5,33.5,33,33.5,8000,31.86,89249000,0.02,7975,55252,1.08,0.04
41269,33.5,33.96,33.24,33.34,8300,31.71,88574120,0.02,8220,51660,1.07,0.04
41270,33.5,33.52,31.02,32.6,17600,31,85452800,0.02,17547,51660,1.05,0.04
41271,32.4,34.26,32.37,33.99,22800,32.33,91315820,0.02,22728,51660,1.1,0.04
41274,33.94,35.74,33.84,35.07,16200,33.35,95871260,0.02,16129,51660,1.13,0.04
41276,36.33,37.26,36,36.36,9200,34.58,101312480,0.02,9141,51660,1.17,0.04
41277,36.6,36.6,36.16,36.16,5300,34.39,100468880,0.02,5220,51660,1.17,0.04
41278,36.13,36.59,35.13,35.81,2300,34.06,98992580,0.02,2298,51660,1.15,0.04
41281,36.09,36.09,35.03,35.09,4200,33.37,95955620,0.02,4147,51660,1.13,0.04
41282,35.32,35.67,35.1,35.1,4800,33.38,95997800,0.02,4762,51660,1.13,0.04
41283,35.65,36.35,35.1,35.1,5800,33.38,95997800,0.02,5794,51660,1.13,0.04
41284,35.63,35.86,35.27,35.53,15400,33.79,97811540,0.02,15379,44120,1.14,0.04
41285,35.57,36.02,34.52,35.94,20600,34.18,99540920,0.02,20595,44120,1.16,0.04
41288,35.39,37.91,35.39,37.79,8200,35.94,107344220,0.02,8168,44120,1.22,0.05
41289,37.79,38.33,37.1,37.1,9300,35.28,104433800,0.02,9262,44120,1.2,0.04
41290,37.5,37.5,36.45,37.28,3800,35.45,105193040,0.02,3734,44120,1.2,0.04
41291,37.91,37.91,36.55,36.75,6300,34.95,102957500,0.02,6295,44120,1.18,0.04
41292,36.47,36.47,35.82,35.96,6200,34.2,99625280,0.02,6159,44120,1.16,0.04
41296,33.75,36.92,33.75,36.74,8100,34.94,102915320,0.02,8031,44120,1.18,0.04
41297,37.29,37.36,35.05,36.82,8000,35.02,103252760,0.02,7917,44120,1.19,0.04
41298,37.25,38.21,36.94,36.94,8700,35.13,103758920,0.02,8667,44120,1.19,0.04
41299,37.32,37.53,36.41,36.69,5500,34.89,102704420,0.02,5496,42586,1.18,0.04
41302,36.8,37.25,36.55,36.81,5100,35.01,103210580,0.02,5097,42586,1.19,0.04
41303,36.5,37,36.1,36.95,8700,35.14,103801100,0.02,8676,42586,1.19,0.04
41304,36.94,36.94,35.97,36.07,4000,34.3,100089260,0.02,3958,42586,1.16,0.04
41305,35.88,36.09,35.5,35.69,7100,33.94,98486420,0.02,7082,42586,1.15,0.04
41306,36,37,35.77,36.82,8800,35.02,103252760,0.02,8745,42586,1.19,0.04
41309,36.93,37,36.37,36.4,9000,34.62,101481200,0.02,8952,42586,1.17,0.04
41310,36.42,36.94,36.42,36.83,2200,35.03,103294940,0.02,2196,42586,1.19,0.04
41311,36.9,36.9,36.3,36.44,5000,34.66,101649920,0.02,4911,42586,1.17,0.04
41312,36.46,37.05,36.26,36.38,6400,34.6,101396840,0.02,6326,42586,1.17,0.04
41313,36.71,37.72,36.43,36.59,5900,34.8,102282620,0.02,5812,42586,1.18,0.04
41316,36.9,37.16,36.65,36.81,7200,35.01,103210580,0.02,7135,37635,1.19,0.04
41317,37,37,36.62,36.86,3400,35.05,103421480,0.02,3330,37635,1.19,0.04
41318,36.8,37.39,36.65,37,7300,35.19,104012000,0.02,7291,37635,1.19,0.04
41319,37.25,37.71,37.25,37.55,5200,35.71,106331900,0.02,5197,37635,1.21,0.04
41320,37.25,37.72,37.25,37.61,7000,35.77,106584980,0.02,6963,37635,1.21,0.05
41324,37.65,38.58,37.65,38.58,9300,36.69,110676440,0.02,9227,37635,1.24,0.05
41325,42.59,42.59,38,38,8800,36.14,108230000,0.02,8769,37635,1.22,0.05
41326,37.88,38.5,36.4,37.92,12000,36.06,107892560,0.02,11953,37635,1.22,0.05
41327,38.04,38.89,36.5,37.6,11300,35.76,106542800,0.02,11227,37635,1.21,0.05
41330,38.04,39.24,38.04,38.52,16000,36.63,110423360,0.02,15981,37635,1.24,0.05
41331,38.65,40.34,38.51,40.3,10000,38.33,117931400,0.02,9973,37635,1.3,0.05
41332,40.29,40.62,40,40.39,5200,38.41,118311020,0.02,5197,37493,1.3,0.05
41333,40.5,40.91,39.5,39.81,11800,37.86,115864580,0.02,11729,37493,1.28,0.05
41334,39.35,39.93,39.14,39.92,8700,37.97,116328560,0.02,8639,37493,1.29,0.05
41337,40,40.62,39.05,39.51,7000,37.58,114599180,0.02,6983,37493,1.27,0.05
41338,39.7,40,38.55,39.25,8000,37.33,113502500,0.02,7939,37493,1.26,0.05
41339,39.58,39.78,39,39.25,5500,37.33,113502500,0.02,5423,37493,1.26,0.05
41340,39.12,40.88,39.12,40.68,7600,38.69,119534240,0.02,7568,37493,1.31,0.05
41341,41,43.89,41,42.84,16400,40.74,128645120,0.01,16337,37493,1.38,0.05
41344,42.67,43.04,41.8,42.32,15100,40.25,126451760,0.01,15102,37264,1.36,0.05
41345,42.28,42.7,41.8,41.8,10900,39.75,124258400,0.01,10836,37264,1.35,0.05
41346,41.94,42.15,41.08,41.25,7000,39.23,121938500,0.02,6906,37264,1.33,0.05
41347,41.37,41.37,40.54,41.26,4900,39.24,126795680,0.02,4854,37264,1.28,0.05
41348,42.41,46.6,41.6,45.6,63100,43.37,145101800,0.01,63262,37264,1.42,0.06
41351,46.39,52.04,45.31,50.9,25600,48.41,167457200,0.01,25578,37264,1.58,0.06
41352,51.06,52.84,50,52.43,21200,49.86,173910740,0.01,21193,37264,1.63,0.07
41353,52.96,55.72,52.96,55.19,20700,52.49,185552420,0.01,20655,37264,1.71,0.07
41354,55.35,55.82,50.98,51.03,19100,48.53,168005540,0.01,19037,37264,1.58,0.06
41355,51.03,51.03,49.25,49.53,12500,47.1,161678540,0.01,12463,37264,1.54,0.06
41358,50.25,51.56,50.21,50.7,5900,48.22,166613600,0.01,5827,37264,1.57,0.06
41359,51.5,52.6,51.39,52.5,6900,49.93,174206000,0.01,6896,34667,1.63,0.07
41360,52.61,52.73,50.16,51.65,7600,49.12,170620700,0.01,7596,34667,1.6,0.06
41361,51.59,52.3,49.26,51,8100,48.5,167879000,0.01,8013,34667,1.58,0.06
41365,51.33,51.47,49.9,50.47,12100,48,165643460,0.01,12089,34667,1.57,0.06
41366,50.84,51.49,46.6,46.85,17600,44.56,150374300,0.01,17538,34667,1.45,0.06
41367,47.11,47.11,43,43,21700,40.89,134135000,0.01,21638,34667,1.33,0.05
41368,43.5,45.27,43.15,44.41,16400,42.24,140082380,0.01,16342,34667,1.38,0.06
41369,43.39,45.31,43,44.7,8700,42.51,141305600,0.01,8611,34667,1.39,0.06
41372,44.09,45.26,43.4,45,8100,42.8,142571000,0.01,8085,34667,1.4,0.06
41373,44.99,46.61,44.51,46.02,8600,43.77,146873360,0.01,8585,38458,1.43,0.06
41374,45.74,49.98,45.74,49.83,15500,47.39,162943940,0.01,15490,38458,1.55,0.06
41375,49.56,50.99,48.2,48.85,10800,46.46,158810300,0.01,10795,38458,1.52,0.06
41376,49.05,49.7,47.78,48.85,11000,46.46,158810300,0.01,10909,38458,1.52,0.06
41379,48.7,48.7,46.71,47.7,14600,45.36,153959600,0.01,14533,38458,1.48,0.06
41380,47,49.15,47,47.39,13800,45.07,152652020,0.01,13771,38458,1.47,0.06
41381,47,47.41,45.67,46.01,14200,43.76,146831180,0.01,14144,38458,1.43,0.06
41382,46.56,47.09,45.77,45.77,11400,43.53,145818860,0.01,11353,38458,1.42,0.06
41383,46,47.99,46,47.04,16800,44.74,151175720,0.01,16724,38458,1.46,0.06
41386,47.5,47.91,46.21,46.72,9500,44.43,149825960,0.01,9423,38458,1.45,0.06
41387,46.79,48.77,46.79,48.59,8200,46.21,157713620,0.01,8196,38458,1.51,0.06
41388,47.99,49.27,47.97,48.38,7300,46.01,156827840,0.01,7243,43705,1.5,0.06
41389,48.89,49.49,48.34,48.84,8100,46.45,158768120,0.01,8060,43705,1.52,0.06
41390,48.69,49.53,48.25,49,8900,46.6,159443000,0.01,8862,43705,1.52,0.06
41393,49.61,50.16,49,49.12,7800,46.71,159949160,0.01,7771,43705,1.52,0.06
41394,49.04,50.37,48.56,49.69,7800,47.26,162353420,0.01,7785,43705,1.54,0.06
41395,50.09,50.15,45.84,48.65,13800,46.27,157966700,0.01,13741,43705,1.51,0.06
41396,49.14,49.21,48,48.7,4900,46.31,158177600,0.01,4838,43705,1.51,0.06
41397,49.2,49.5,48.01,49.3,7900,46.89,160708400,0.01,7849,43705,1.53,0.06
41400,46,49.8,46,49.6,14400,47.17,161973800,0.01,14400,43705,1.54,0.06
41401,49.05,49.61,48.71,49.03,5500,46.63,159569540,0.01,5419,43705,1.52,0.06
41402,49.46,49.6,48.89,49.29,6600,46.88,175402220,0.02,6538,43705,1.45,0.06
41403,50.43,57.5,50.39,57.1,34600,54.3,208344800,0.02,34552,46061,1.67,0.07
41404,57.79,60.49,56.5,57.49,10000,54.67,209989820,0.02,9959,46061,1.69,0.07
41407,58,59.85,56.78,59.6,12600,56.68,218889800,0.01,12588,46061,1.75,0.07
41408,59.33,61.8,59.16,61,16300,58.01,224795000,0.01,16216,46061,1.79,0.07
41409,62.03,62.45,60.94,61.66,6800,58.64,227578880,0.01,6707,46061,1.81,0.08
41410,61.09,63,61.09,63,7700,59.91,233231000,0.01,7690,46061,1.85,0.08
41411,63,63.82,61.68,61.71,10900,58.69,227789780,0.01,10848,46061,1.81,0.08
41414,61.47,62.4,60.15,62.39,18200,59.33,230658020,0.01,18160,46061,1.83,0.08
41415,62,63.71,61.95,63.29,13300,60.19,234454220,0.01,13235,46061,1.86,0.08
41416,63.4,63.4,60.32,60.5,15900,57.54,222686000,0.01,15814,46061,1.77,0.07
41417,59.4,59.69,58.47,59.5,5300,56.59,218468000,0.01,5271,46061,1.74,0.07
41418,58.66,60,58.66,59.96,2500,57.02,220408280,0.01,2418,39381,1.76,0.07
41422,60.81,63.64,60.81,63.25,14900,60.15,234285500,0.01,14822,39381,1.85,0.08
41423,63,64.3,61.54,63.5,20100,60.39,235340000,0.01,20048,39381,1.86,0.08
41424,64.03,64.44,62.11,63.25,4000,60.36,234285500,0.01,3953,39381,1.85,0.08
41425,62.62,63.1,61.46,62.64,3800,59.78,231712520,0.01,3772,39381,1.84,0.08
41428,62.4,63.94,61.5,62.99,14000,60.11,233188820,0.01,13965,39381,1.85,0.08
41429,63.26,63.95,61.9,63,13900,60.12,233231000,0.01,13831,39381,1.85,0.08
41430,62.89,62.89,61.17,61.7,12000,58.88,227747600,0.01,11948,39381,1.81,0.08
41431,62,62.01,59.78,60.4,19600,57.64,222264200,0.01,19547,39381,1.77,0.07
41432,61.01,61.58,59.4,61.17,14000,58.38,225512060,0.01,13922,39381,1.79,0.07
41435,61.5,63.85,60.9,62,17900,59.17,229013000,0.01,17821,39381,1.82,0.08
41436,61.4,62,60.79,60.97,3400,58.19,224668460,0.01,3398,39119,1.79,0.07
41437,61.1,61.55,60.56,61.03,9000,58.24,224921540,0.01,8939,39119,1.79,0.07
41438,61.43,66.4,61.25,65.79,17500,62.79,244999220,0.01,17484,39119,1.93,0.08
41439,65.43,66.5,64.64,64.64,9400,61.69,240148520,0.01,9401,39119,1.89,0.08
41442,65,66.46,64.71,65.5,6100,62.51,243776000,0.01,6044,39119,1.92,0.08
41443,65.5,68.6,65.5,68.6,9300,65.47,256851800,0.01,9271,39119,2.01,0.08
41444,68.39,70.8,68,69.2,9200,66.04,259382600,0.01,9127,39119,2.03,0.08
41445,69,69.42,66.07,67,14800,63.94,250103000,0.01,14784,39119,1.96,0.08
41446,67.42,68.2,65.59,66.12,17900,63.1,246391160,0.01,17878,39119,1.94,0.08
41449,65.32,65.32,61.02,63.09,11300,60.21,233610620,0.01,11271,39119,1.85,0.08
41450,63.95,65.97,62.98,65.5,14100,62.51,243776000,0.01,14043,41929,1.92,0.08
41451,66.37,68.95,64.25,67.79,9000,64.69,253435220,0.01,8986,41929,1.99,0.08
41452,69.07,70.18,68.06,68.44,8300,65.31,256176920,0.01,8282,41929,2.01,0.08
41453,68.53,69,67.1,68.89,19400,65.74,258075020,0.01,19321,41929,2.02,0.08
41456,69,71.77,69,69.42,9400,66.25,260310560,0.01,9394,41929,2.04,0.08
41457,69.99,71.4,66.73,68.46,12600,65.33,256261280,0.01,12588,41929,2.01,0.08
41458,69.06,71.13,68.61,69.1,2400,65.94,258960800,0.01,2360,41929,2.03,0.08
41460,70.95,70.95,68.43,69,5500,65.85,258539000,0.01,5435,41929,2.02,0.08
41463,69.46,70.49,67.51,68.31,9000,65.19,255628580,0.01,8913,41929,2,0.08
41464,68.54,69.2,67.62,68.45,5700,65.32,256219100,0.01,5702,41929,2.01,0.08
41465,68.05,68.05,65.15,66.96,8000,63.9,249934280,0.01,7963,41398,1.96,0.08
41466,67.5,67.6,62.4,64.68,17200,61.73,240317240,0.01,17114,41398,1.9,0.08
41467,64.6,65.93,64.6,65.6,15700,62.6,244197800,0.01,15607,41398,1.92,0.08
41470,66.17,66.17,64,65.75,7300,62.75,244830500,0.01,7292,41398,1.93,0.08
41471,66.3,66.35,65.1,65.97,9700,62.96,245758460,0.01,9636,41398,1.93,0.08
41472,66.1,66.3,63.69,64.88,8400,61.92,241160840,0.01,8304,41398,1.9,0.08
41473,65.49,66.89,64.89,65.84,10200,62.83,245210120,0.01,10191,41398,1.93,0.08
41474,65.11,65.91,64.8,65.6,12500,62.6,244197800,0.01,12452,41398,1.92,0.08
41477,65.66,66.85,65.16,66.31,10200,63.28,247192580,0.01,10182,41398,1.94,0.08
41478,66.21,66.95,65.05,66.02,17600,63,245969360,0.01,17565,41398,1.94,0.08
41479,66.85,66.85,65.46,65.91,13900,62.9,245505380,0.01,13832,47110,1.93,0.08
41480,66.04,67.57,65.24,67.15,20200,64.08,250735700,0.01,20154,47110,1.97,0.08
41481,67.01,67.7,66.43,67.43,14000,64.35,251916740,0.01,13990,47110,1.98,0.08
41484,67.5,67.5,65.51,65.52,16500,62.53,243860360,0.01,16453,47110,1.92,0.08
41485,66.23,66.59,65.18,65.99,17600,62.98,245842820,0.01,17627,47110,1.93,0.08
41486,65.68,66.94,65.68,66.87,12800,63.82,249554660,0.01,12816,47110,1.96,0.08
41487,67.51,68.89,67.51,68.14,11500,65.03,254911520,0.01,11499,47110,2,0.08
41488,67.7,68.4,66.18,67.7,11600,64.61,253055600,0.01,11612,47110,1.98,0.08
41491,67.69,68.89,66.85,67.11,9900,64.05,250566980,0.01,9948,47110,1.97,0.08
41492,67.35,67.35,65.66,67.34,14000,64.26,251537120,0.01,13986,47110,1.97,0.08
41493,67.3,67.3,65.73,66.56,10100,63.52,246536080,0.01,10062,47110,1.88,0.08
41494,66.5,67.3,65.73,66.3,16200,63.27,245439400,0.01,16231,47110,1.87,0.08
41495,66.79,67.34,63.75,65.4,17400,62.41,241643200,0.01,17391,81155,1.85,0.08
41498,64.18,65.65,62.63,64.79,20600,61.83,239070220,0.01,20553,81155,1.83,0.08
41499,65,65.1,63.32,64.86,11700,61.9,239365480,0.01,11730,81155,1.83,0.08
41500,64.38,65,64.2,64.59,17100,61.64,238226620,0.01,17089,81155,1.82,0.08
41501,64.18,64.97,63.19,64.61,16300,61.66,238310980,0.01,16250,81155,1.83,0.08
41502,64.41,64.75,63.41,64.26,19400,61.33,236834680,0.01,19368,81155,1.82,0.08
41505,64.55,64.91,64.1,64.45,9800,61.51,237636100,0.01,9788,81155,1.82,0.08
41506,64.8,65.5,64.1,64.74,13900,61.78,238859320,0.01,14017,81155,1.83,0.08
41507,64.17,64.9,64.11,64.44,1400,61.5,237593920,0.01,1359,81155,1.82,0.08
41508,64.27,70,64.27,69.5,23800,66.33,258937000,0.01,23818,81155,1.96,0.08
41509,69.71,69.71,68.27,68.27,7900,65.15,253748860,0.01,7931,81155,1.93,0.08
41512,68.11,68.11,66.27,67.04,23900,63.98,248560720,0.01,23921,89177,1.89,0.08
41513,66.5,66.5,64,64.6,5300,61.65,238268800,0.01,5524,89177,1.83,0.08
41514,64.39,64.66,63.02,63.89,9600,60.97,235274020,0.01,9635,89177,1.81,0.08
41515,63.53,63.53,62,62.35,8200,59.71,228778300,0.01,8211,89177,1.76,0.07
41516,63,63,60.66,60.81,7200,58.23,222282580,0.01,7192,89177,1.72,0.07
41520,61.76,61.76,60.22,61.18,13700,58.59,223843240,0.01,13666,89177,1.73,0.07
41521,60.33,61.29,57.04,59.42,53500,56.9,216419560,0.01,53464,89177,1.68,0.07
41522,59.47,60.49,59.04,60.32,29900,57.76,220215760,0.01,29947,89177,1.7,0.07
41523,61.06,61.68,60.11,61,24900,58.42,223084000,0.01,24896,89177,1.72,0.07
41526,61.26,65,61,64.22,12300,61.5,236665960,0.01,12268,89177,1.81,0.08
41527,64.87,66.05,62.4,65.36,4500,62.59,241474480,0.01,4462,89177,1.85,0.08
41528,64.98,65.7,62.7,64.8,9300,62.05,239112400,0.01,9268,100580,1.83,0.08
41529,64.51,64.97,63.22,63.22,3900,60.54,232447960,0.01,3914,100580,1.79,0.07
41530,62.57,63.09,62.1,62.41,2700,59.77,229031380,0.01,2718,100580,1.76,0.07
41533,62.44,62.67,61.03,61.72,26200,59.1,226120960,0.01,26361,100580,1.74,0.07
41534,61.5,62.58,60.93,61.64,13700,59.03,225783520,0.01,13719,100580,1.74,0.07
41535,61.23,62.42,60.8,62.32,29300,59.68,228651760,0.01,29323,100580,1.76,0.07
41536,61.91,62.95,61.91,62.12,5100,59.49,227808160,0.01,5123,100580,1.76,0.07
41537,62.66,63.31,60.61,60.61,24400,58.04,221438980,0.01,24422,100580,1.71,0.07
41540,61.07,61.49,59.62,60.99,3600,58.41,223041820,0.01,3579,100580,1.72,0.07
41541,61.2,61.2,59.25,59.94,6400,57.4,218612920,0.01,6425,97668,1.69,0.07
41542,59.55,61.14,59.55,60.08,4300,57.53,219203440,0.01,4277,97668,1.7,0.07
41543,59.44,59.44,58,58.26,8100,55.79,211526680,0.02,8091,97668,1.65,0.07
41544,57.15,58.3,57.11,57.91,5200,55.46,210050380,0.02,5164,97668,1.64,0.07
41547,57.2,57.52,54.86,55.51,15700,53.16,199927180,0.02,15683,97668,1.57,0.07
41548,55.27,56.44,53.8,54.38,14700,52.08,195160840,0.02,14734,97668,1.54,0.06
41549,53.21,55.32,52.65,55.32,17100,52.98,199125760,0.02,17141,97668,1.56,0.06
41550,55.68,55.68,54.47,55.27,8200,52.93,198914860,0.02,8222,97668,1.56,0.06
41551,54.94,55.89,54.1,55.64,4600,53.28,200475520,0.02,4597,97668,1.57,0.07
41554,55,55.68,54.1,54.1,5700,51.81,193979800,0.02,5717,97668,1.53,0.06
41555,53.44,53.84,52.85,52.85,4500,50.61,188707300,0.02,4533,97668,1.49,0.06
41556,52.69,53.04,51.19,51.22,8600,49.05,181831960,0.02,8582,93877,1.45,0.06
41557,51.6,52.64,50.67,51.6,6900,49.41,183434800,0.02,6919,93877,1.46,0.06
41558,51.91,51.98,51.38,51.82,2400,49.62,184362760,0.02,2380,93877,1.46,0.06
41561,51.56,51.56,50.16,50.57,5600,48.43,179090260,0.02,5608,93877,1.43,0.06
41562,50.47,52.64,49.4,49.65,9600,47.55,175209700,0.02,9550,93877,1.4,0.06
41563,50.42,50.57,49.46,49.8,4600,47.69,175842400,0.02,4564,93877,1.41,0.06
41564,49.53,50.1,49.28,49.99,5900,47.87,176643820,0.02,5938,93877,1.41,0.06
41565,50.61,51.41,50.12,50.95,5500,48.79,180693100,0.02,5513,93877,1.44,0.06
41568,51.1,54.99,50.93,54.45,14100,52.14,195456100,0.02,14079,93877,1.54,0.06
41569,54.91,55.9,54.45,54.5,15900,52.19,195667000,0.02,15885,93877,1.54,0.06
41570,54.5,55.9,54.5,55.13,7800,52.79,198324340,0.02,7758,93877,1.56,0.06
41571,55.86,55.86,55.48,55.48,3900,53.13,199800640,0.02,3863,92988,1.57,0.07
41572,55.78,55.9,55,55,7600,52.67,197776000,0.02,7553,92988,1.55,0.06
41575,55.5,55.85,55,55.15,3600,52.81,198408700,0.02,3592,92988,1.56,0.06
41576,55,55.7,55,55.34,11500,53,199210120,0.02,11459,92988,1.56,0.06
41577,55.5,55.82,54.2,54.27,4700,51.97,194696860,0.02,4698,92988,1.53,0.06
41578,54.41,54.41,51.01,51.77,11000,49.58,184151860,0.02,11026,92988,1.46,0.06
41579,51.39,51.73,47.46,49.12,14200,47.04,172974160,0.02,14170,92988,1.39,0.06
41582,48.91,51.04,48.91,50.81,11100,48.66,180102580,0.02,11101,92988,1.44,0.06
41583,50.3,50.3,48.97,49.45,10200,47.35,174366100,0.02,10216,92988,1.4,0.06
41584,50.15,50.48,49.85,49.85,3900,47.74,176053300,0.02,3877,92988,1.41,0.06
41585,49.05,49.73,49.05,49.07,1900,46.99,154933260,0.02,1907,92988,1.33,0.05
41586,50.86,55.25,50.86,55.05,17700,52.72,180156900,0.02,17676,92988,1.49,0.06
41589,55.74,56.05,55.18,55.5,5400,53.15,182055000,0.02,5440,82161,1.51,0.06
41590,55.8,56.6,55.18,55.59,6500,53.23,182434620,0.02,6542,82161,1.51,0.06
41591,55.59,55.59,55.26,55.31,1600,52.97,181253580,0.02,1555,82161,1.5,0.06
41592,55.66,55.93,55.65,55.65,2300,53.29,182687700,0.02,2306,82161,1.51,0.06
41593,55.38,55.65,55.17,55.59,3100,53.23,182434620,0.02,3110,82161,1.51,0.06
41596,55.73,55.73,53.36,53.62,6900,51.35,174125160,0.02,6911,82161,1.45,0.06
41597,53.98,54.17,53.8,54.17,1800,51.87,176445060,0.02,1899,82161,1.47,0.06
41598,54.18,54.21,53.76,54.08,5100,51.79,176065440,0.02,5112,82161,1.47,0.06
41599,53.94,54.41,53.91,54.31,4100,52.01,177035580,0.02,4122,82161,1.47,0.06
41600,54.34,55.71,54.34,55.15,3200,52.81,180578700,0.02,3179,82161,1.5,0.06
41603,54.81,55.5,53.88,55.5,7500,53.15,182055000,0.02,7454,82161,1.51,0.06
41604,55.77,56.29,55.77,55.88,3800,53.51,183657840,0.02,3796,77618,1.52,0.06
41605,55.66,57.98,55.66,57.41,3900,55.19,190111380,0.02,3892,77618,1.56,0.06
41607,58.02,58.02,55.24,57.22,2800,55.01,189309960,0.02,2757,77618,1.55,0.06
41610,57.68,58.6,57.11,57.15,8100,54.94,189014700,0.02,8071,77618,1.55,0.06
41611,56.89,57.5,56,56.85,5500,54.66,187749300,0.02,5522,77618,1.54,0.06
41612,55.13,56.99,55.13,56.98,4600,54.78,188297640,0.02,4575,77618,1.55,0.06
41613,55.13,57.41,55.13,56.55,6100,54.37,186483900,0.02,6126,77618,1.53,0.06
41614,57.38,57.9,57.02,57.64,6200,55.42,191081520,0.02,6207,77618,1.56,0.06
41617,58.69,59.6,57.75,59.27,12500,56.98,197956860,0.01,12486,77618,1.61,0.06
41618,59.48,60,59.15,59.63,8300,57.33,199475340,0.01,8305,64279,1.62,0.07
41619,59.76,60.09,59,59.56,8300,57.26,199180080,0.01,8345,64279,1.62,0.07
41620,60.2,60.6,59.5,60.44,7200,58.11,202891920,0.01,7247,64279,1.64,0.07
41621,60.5,60.89,60.27,60.5,3300,58.17,203145000,0.01,3300,64279,1.64,0.07
41624,61.89,61.89,60.68,61.28,4100,58.92,206435040,0.01,4082,64279,1.66,0.07
41625,61.94,62.24,60.27,60.69,9500,58.35,203946420,0.01,9533,64279,1.65,0.07
41626,60.54,61.68,60,61.6,11300,59.22,207784800,0.01,11267,64279,1.67,0.07
41627,60.84,62.48,60.84,62.02,5800,59.63,209556360,0.01,5786,64279,1.68,0.07
41628,61.78,62.85,61.14,62.15,19700,59.75,210104700,0.01,19696,64279,1.69,0.07
41631,62.88,68.28,62.88,66.67,10200,64.1,229170060,0.01,10209,64279,1.81,0.07
41632,66.86,68.49,66.86,68.48,5300,65.84,236804640,0.01,5268,58806,1.86,0.07
41634,68.48,68.48,68.23,68.48,4700,65.84,236804640,0.01,4703,58806,1.86,0.07
41635,70.01,70.01,68.06,68.5,4100,65.86,236889000,0.01,4052,58806,1.86,0.07
41638,68.71,68.71,67.4,67.4,4900,64.8,232249200,0.01,4860,58806,1.83,0.07
41639,67.77,68.96,67,68.5,4100,65.86,236889000,0.01,4087,58806,1.86,0.07
41641,67.73,67.79,66.7,67.4,6700,64.8,232249200,0.01,6703,58806,1.83,0.07
41642,67.07,68.93,66.79,68.18,12300,65.55,235539240,0.01,12311,58806,1.85,0.07
41645,68.9,69.4,68.32,68.56,5800,65.91,237142080,0.01,5785,58806,1.86,0.07
41646,68.3,69.73,68.3,69.23,7400,66.56,239968140,0.01,7353,58806,1.88,0.08
41647,69.03,69.5,67.61,68.2,7400,65.57,235623600,0.01,7373,58806,1.85,0.07
41648,68.8,68.95,67.5,68.2,7900,65.57,235623600,0.01,7863,58806,1.85,0.07
41649,67.51,68.25,67,68,7700,65.38,234780000,0.01,7726,52820,1.84,0.07
41652,67.85,68.74,66.86,68.55,8400,65.9,237099900,0.01,8364,52820,1.86,0.07
41653,68.8,68.8,67.8,68.59,6000,65.94,237268620,0.01,5964,52820,1.86,0.08
41654,68.55,69.39,67.57,68.41,5500,65.77,236509380,0.01,5493,52820,1.86,0.07
41655,67.88,68.81,67.88,68,6300,65.38,234780000,0.01,6307,52820,1.84,0.07
41656,68.14,68.15,67.03,67.52,7400,64.91,232755360,0.01,7380,52820,1.83,0.07
41660,67.75,68.5,66.98,68.5,10200,65.86,236889000,0.01,10206,52820,1.86,0.07
41661,68.44,68.44,67.65,68.23,3000,65.6,235750140,0.01,2998,52820,1.85,0.07
41662,67.95,67.95,67.01,67.4,3200,64.8,232249200,0.01,3243,52820,1.83,0.07
41663,66.45,67.2,65.27,65.59,14500,63.06,224614620,0.01,14528,52820,1.78,0.07
41666,65.9,65.9,63.67,65.06,5500,62.55,222379080,0.01,5494,46082,1.76,0.07
41667,64.75,65.37,64.46,65.01,11000,62.5,222168180,0.01,10981,46082,1.76,0.07
41668,64.85,67.9,64.35,66.74,10800,64.16,229465320,0.01,10785,46082,1.81,0.07
41669,67.01,68.45,66.1,67.06,9300,64.47,230815080,0.01,9287,46082,1.82,0.07
41670,66.11,67.2,65.68,66.52,11200,63.95,228537360,0.01,11181,46082,1.8,0.07
41673,66.39,66.77,64.22,65.18,12300,62.66,222885240,0.01,12349,46082,1.77,0.07
41674,65.97,67.39,65.35,66.76,9600,64.18,229549680,0.01,9608,46082,1.81,0.07
41675,68.79,68.79,65.4,65.63,15500,63.1,224783340,0.01,15472,46082,1.78,0.07
41676,65.47,65.67,63.51,64.44,14500,61.95,219763920,0.01,14459,46082,1.75,0.07
41677,64.04,64.44,63.37,64.44,7700,61.95,219763920,0.01,7658,46082,1.75,0.07
41680,64.19,64.4,62.71,63.97,4600,61.5,217781460,0.01,4567,46082,1.74,0.07
41681,63.55,64.74,63.5,64.54,7300,62.05,220185720,0.01,7313,41086,1.75,0.07
41682,64,65.61,64,65.4,10900,62.88,223813200,0.01,10886,41086,1.77,0.07
41683,65.32,67.89,64.6,67.28,5900,64.68,231743040,0.01,5891,41086,1.82,0.07
41684,66.84,67.99,66.69,67.1,4800,64.51,230983800,0.01,4882,41086,1.82,0.07
41688,67,67.95,66.81,67.53,10600,64.92,232797540,0.01,10559,41086,1.83,0.07
41689,67.06,67.56,66.85,66.9,7900,64.32,230140200,0.01,7923,41086,1.81,0.07
41690,67.3,67.57,66.87,67.4,11100,64.8,232249200,0.01,11092,41086,1.83,0.07
41691,67.73,67.73,66.71,67.33,9500,64.73,231953940,0.01,9520,41086,1.83,0.07
41694,67.02,70.72,66.98,70.39,17900,67.67,244861020,0.01,17933,41086,1.91,0.08
41695,70.74,73.21,70.04,72.74,10500,69.93,254773320,0.01,10512,41086,1.97,0.08
41696,72.36,73,71.65,72.1,3300,69.32,252073800,0.01,3292,38357,1.96,0.08
41697,72.2,73.03,71.9,73.03,9600,70.21,255996540,0.01,9598,38357,1.98,0.08
41698,72.56,74.49,72.42,73.6,10800,70.76,258400800,0.01,10827,38357,2,0.08
41701,73.73,78.88,73.73,78.19,13900,75.17,277761420,0.01,13947,38357,2.12,0.09
41702,79.68,86.74,79.67,86.29,27900,82.96,311927220,0.01,27870,38357,2.34,0.09
41703,86.46,89.74,86.46,88.78,11100,85.35,322430040,0.01,11103,38357,2.41,0.1
41704,90.28,90.28,86.09,88.01,12400,84.61,319182180,0.01,12409,38357,2.39,0.1
41705,87.01,88.75,87.01,87.99,5800,84.59,319097820,0.01,5793,38357,2.39,0.1
41708,86.9,87.65,84.1,86.97,14100,83.61,314795460,0.01,14060,38357,2.36,0.1
41709,86.1,87.08,82.51,84.22,12000,80.97,303195960,0.01,11969,41841,2.28,0.09
41710,84,85.36,80.75,85.36,6300,82.07,299315480,0.01,6272,41841,3.01,0.09
41711,79.4,79.75,66.04,70.5,51800,67.78,236636000,0.01,51817,41841,1.92,0.08
41712,69.02,70.92,68.22,68.99,9300,66.54,230266820,0.01,9298,41841,1.88,0.07
41715,69.79,70.85,67.86,68.12,17100,65.7,226597160,0.01,17130,41841,1.86,0.07
41716,69,69,65.58,66.2,19600,63.84,218498600,0.01,19692,41841,1.8,0.07
41717,66.47,66.69,63.98,65.99,14600,63.64,217612820,0.01,14688,41841,1.8,0.07
41718,66,66,63.89,65.37,14100,63.04,214997660,0.01,14099,41841,1.78,0.07
41719,65.79,65.79,63.89,65.08,36400,62.76,213774440,0.01,36390,41841,1.77,0.07
41722,65.25,65.25,63.64,63.79,8200,61.52,208333220,0.01,8222,41841,1.74,0.07
41723,64.71,64.71,63.4,63.49,13800,61.23,207067820,0.01,13815,44613,1.73,0.07
41724,63.81,64.48,61.02,61.52,39300,59.33,198758360,0.01,39256,44613,1.68,0.07
41725,61.98,62.78,57.19,58.04,26300,55.98,184079720,0.02,26570,44613,1.58,0.06
41726,57.96,59.34,57.96,58.5,20200,56.42,186020000,0.02,20221,44613,1.6,0.06
41729,57.77,58.88,57.25,57.92,38200,55.86,183573560,0.02,38150,44613,1.58,0.06
41730,57.5,58.51,57.25,58.43,30100,56.35,185724740,0.02,30133,44613,1.59,0.06
41731,58.88,59.59,58.4,59.22,22900,57.11,189056960,0.01,22864,44613,1.61,0.06
41732,59.32,59.53,58.45,58.66,17600,56.57,186694880,0.02,17597,44613,1.6,0.06
41733,58.89,59.75,57.63,58.02,8500,55.96,183995360,0.02,8509,44613,1.58,0.06
41736,58,58.47,56.08,57.32,15200,55.28,181042760,0.02,15154,44613,1.56,0.06
41737,57.1,60.25,57.1,59.8,23500,57.67,191503400,0.01,23486,44613,1.63,0.06
41738,60.44,63.15,59.8,62.79,14500,60.56,204115220,0.01,14543,34236,1.71,0.07
41739,63.07,64.63,62.07,63.67,13000,61.4,207827060,0.01,12959,34236,1.74,0.07
41740,63.63,65.78,63.07,64.91,14400,62.6,213057380,0.01,14403,34236,1.77,0.07
41743,66.02,68.8,64.92,68.15,19600,65.73,226723700,0.01,19566,34236,1.86,0.07
41744,68.31,69.21,67.08,67.7,8900,65.29,224825600,0.01,8878,34236,1.85,0.07
41745,68.41,68.41,65.98,66.65,16300,64.28,220396700,0.01,16284,34236,1.82,0.07
41746,66.74,69,64.51,68.32,9200,65.89,227440760,0.01,9246,34236,1.86,0.07
41750,68.9,72.77,67.9,72.25,12000,69.68,244017500,0.01,11968,34236,1.97,0.08
41751,71.78,72.9,71.23,72.45,10400,69.87,244861100,0.01,10388,34236,1.98,0.08
41752,72.37,72.47,71,72.2,8600,69.63,243806600,0.01,8556,34236,1.97,0.08
41753,72.2,73.8,72.09,73.38,6800,70.77,248783840,0.01,6753,34236,2,0.08
41754,73.02,73.37,70.61,71.72,9000,69.17,241781960,0.01,8959,41511,1.96,0.08
41757,71.38,74.85,71.38,73.32,12000,70.71,248530760,0.01,12012,41511,2,0.08
41758,74.3,75.53,72.15,72.49,11500,69.91,245029820,0.01,11530,41511,1.98,0.08
41759,72.6,72.6,70.52,72.06,10600,69.5,243216080,0.01,10583,41511,1.96,0.08
41760,71.33,71.33,67.42,68.22,15300,65.79,227018960,0.01,15339,41511,1.86,0.07
41761,68.05,68.95,66.5,68.46,11700,66.02,228031280,0.01,11697,41511,1.87,0.07
41764,67.49,70.9,67.31,69.9,11500,67.41,234105200,0.01,11532,41511,1.91,0.07
41765,70,70.29,67.78,69,7400,66.55,230309000,0.01,7424,41511,1.88,0.07
41766,69.41,69.99,66.5,66.91,13700,64.53,221493380,0.01,13674,41511,1.82,0.07
41767,66.7,67.36,65.85,66,7300,63.65,217655000,0.01,7316,41511,1.8,0.07
41768,66.46,69.44,65.22,65.91,8700,63.57,190629380,0.01,8732,48728,1.75,0.07
41771,65.8,66.5,65.55,66.44,7200,64.08,192864920,0.01,7198,48728,1.76,0.07
41772,66.44,68.12,66.28,66.28,10200,63.92,192190040,0.01,10169,48728,1.76,0.07
41773,68.94,69.39,64.81,65.28,14200,62.96,187972040,0.01,14230,48728,1.73,0.07
41774,64.49,65.29,64,64.58,7600,62.28,185019440,0.01,7583,48728,1.71,0.07
41775,64.49,67.46,64.1,66.42,7600,64.06,192780560,0.01,7607,48728,1.76,0.07
41778,67.01,67.29,65.41,66.1,8300,63.75,191430800,0.01,8325,48728,1.75,0.07
41779,65.53,65.6,64.52,64.53,6300,62.23,184808540,0.01,6261,48728,1.71,0.07
41780,65.23,66.6,64.12,65.22,8600,62.9,187718960,0.01,8642,48728,1.73,0.07
41781,65,65.69,63.76,63.76,5600,61.49,181560680,0.01,5557,48728,1.69,0.07
41782,63.57,64.16,63.08,64.16,4300,61.88,183247880,0.01,4286,48728,1.7,0.07
41786,64.16,65,63.43,64.55,13300,62.25,184892900,0.01,13266,47502,1.71,0.07
41787,64,64.01,62.54,63.61,7500,61.35,180927980,0.01,7468,47502,1.69,0.07
41788,63.6,64.83,63.21,64.39,4900,62.1,184218020,0.01,4873,47502,1.71,0.07
41789,63.69,64.41,63,63.23,6000,61.19,179325140,0.01,5984,47502,1.68,0.07
41792,63.57,65.09,60.76,63.01,8500,60.98,178397180,0.01,8489,47502,1.67,0.07
41793,62.34,67.28,60.14,65.09,10000,62.99,187170620,0.01,9993,47502,1.73,0.07
41794,64.78,65.09,63.23,64.04,6200,61.97,182741720,0.01,6239,47502,1.7,0.07
41795,64.05,66.92,63.03,66.67,7400,64.52,193835060,0.01,7382,47502,1.77,0.07
41796,67.45,68.35,66.55,66.85,5500,64.69,194594300,0.01,5461,47502,1.77,0.07
41799,67.78,68.89,64.6,68.78,9200,66.56,202735040,0.01,9181,47502,1.82,0.07
41800,68.26,71.38,68.11,70.76,8200,68.48,211086680,0.01,8159,45044,1.88,0.08
41801,70.42,72.3,69.24,72,9300,69.68,216317000,0.01,9302,45044,1.91,0.08
41802,71.95,76.04,71.69,75.02,8700,72.6,229055360,0.01,8684,45044,1.99,0.08
41803,74.49,75.93,74.21,75.01,7300,72.59,229013180,0.01,7282,45044,1.99,0.08
41806,75.01,75.25,73.84,74.43,7300,72.03,226566740,0.01,7297,45044,1.97,0.08
41807,73.95,77.57,71,76.63,11300,74.16,235846340,0.01,11309,45044,2.03,0.08
41808,76.7,79.76,76.01,79.03,8700,76.48,245969540,0.01,8712,45044,2.09,0.08
41809,80,81.5,76.28,78.65,7500,76.11,244366700,0.01,7484,45044,2.08,0.08
41810,79.39,80.25,73.36,74.01,22000,71.62,224795180,0.01,22044,45044,1.96,0.08
41813,74.38,75.01,72.5,73.09,10400,70.73,220914620,0.01,10358,45044,1.94,0.08
41814,72.24,73.68,65.51,68.83,21900,66.61,202945940,0.01,21865,48297,1.82,0.07
41815,69.5,70.34,68,68.87,17500,66.65,203114660,0.01,17531,48297,1.83,0.07
41816,68.96,70.3,67.47,70.3,11500,68.03,209146400,0.01,11519,48297,1.86,0.08
41817,69.21,72.51,69.21,72.18,9100,69.85,217076240,0.01,9111,48297,1.91,0.08
41820,72.56,79.88,72.56,78.13,6900,75.61,242173340,0.01,6936,48297,2.07,0.08
41821,76.22,79.61,76.22,76.78,14500,74.3,236479040,0.01,14522,48297,2.04,0.08
41822,76.99,77.4,75.31,75.87,11900,73.42,232640660,0.01,11852,48297,2.01,0.08
41823,76.71,77.9,76.02,77.42,3300,74.92,239178560,0.01,3320,48297,2.05,0.08
41827,77.4,77.4,75.4,76.24,8600,73.78,234201320,0.01,8627,48297,2.02,0.08
41828,75.48,76.29,74.53,76.29,11000,73.83,234412220,0.01,10974,48297,2.02,0.08
41829,76.11,77.4,75.9,76.49,9200,74.02,235255820,0.01,9236,48297,2.03,0.08
41830,75.22,77.98,75.22,76.98,5300,74.5,237322640,0.01,5256,46453,2.04,0.08
41831,77,78.01,76.41,77.14,3800,74.65,237997520,0.01,3834,46453,2.04,0.08
41834,76.7,79.24,75.61,78.06,15000,75.54,241878080,0.01,15045,46453,2.07,0.08
41835,78.55,79,75.75,77.29,10900,74.8,238630220,0.01,10896,46453,2.05,0.08
41836,77.61,77.61,74.1,75.63,8700,73.19,231628340,0.01,8687,46453,2,0.08
41837,75.22,75.49,71.72,72.92,7200,70.57,220197560,0.01,7243,46453,1.93,0.08
41838,72.3,73.57,70.72,71.04,12500,68.75,212267720,0.01,12541,46453,1.88,0.08
41841,71.4,72.97,68.92,69.87,13400,67.62,207332660,0.01,13413,46453,1.85,0.07
41842,69.19,71.08,68,69.38,13000,67.14,205265840,0.01,12976,46453,1.84,0.07
41843,69.5,71.46,68.19,69.72,8200,67.47,206699960,0.01,8179,46453,1.85,0.07
41844,69.92,70.49,69.09,69.58,4400,67.33,206109440,0.01,4419,46477,1.84,0.07
41845,69.54,70,69,69.19,5300,66.96,204464420,0.01,5277,46477,1.83,0.07
41848,68.89,69.12,68,68.21,8100,66.01,200330780,0.01,8275,46477,1.81,0.07
41849,68.42,68.76,68.04,68.28,2100,66.08,200626040,0.01,2086,46477,1.81,0.07
41850,68.37,68.37,65.74,67.9,9200,65.71,199023200,0.01,9214,46477,1.8,0.07
41851,66.7,67.2,65.34,65.34,5200,63.23,188225120,0.01,5225,46477,1.73,0.07
41852,65.59,65.59,62.91,62.91,9800,60.88,177975380,0.01,9824,46477,1.67,0.07
41855,62.6,65.29,61.5,64.92,11600,62.82,186453560,0.01,11597,46477,1.72,0.07
41856,67,70.51,66.03,69.44,10000,67.2,205518920,0.01,10030,46477,1.84,0.07
41857,69.33,71.5,69.01,69.82,12200,67.57,207121760,0.01,12211,46477,1.85,0.07
41858,70.29,70.7,66.96,66.96,3700,64.8,195058280,0.01,3732,46477,1.77,0.07
41859,67.44,67.56,65.41,67.26,7300,65.09,235704680,0.01,7316,46477,1.75,0.07
41862,67.61,71.43,67.61,71.43,14000,69.12,253293740,0.01,14030,44697,1.86,0.07
41863,69.5,72.22,67.98,69.03,10100,66.8,243170540,0.01,10095,44697,1.8,0.07
41864,68.86,70.88,68.2,69.78,7700,67.53,246334040,0.01,7698,44697,1.81,0.07
41865,70.05,70.59,68.51,70.15,8000,67.89,247894700,0.01,8038,44697,1.82,0.07
41866,70.97,73.98,68.66,69,10500,66.77,243044000,0.01,10466,44697,1.79,0.07
41869,72,73,70.06,71.11,8100,68.82,251943980,0.01,8054,44697,1.85,0.07
41870,72,72,68.75,69.49,4400,67.25,245110820,0.01,4420,44697,1.81,0.07
41871,70.5,70.5,68.65,69.87,5500,67.62,246713660,0.01,5539,44697,1.82,0.07
41872,69.77,70.39,67.84,70.39,3500,68.12,248907020,0.01,3468,44697,1.83,0.07
41873,69.2,69.26,68,68.21,7000,66.01,239711780,0.01,7023,44697,1.77,0.07
41876,69.3,70.08,68,69,4100,66.77,243044000,0.01,4149,44697,1.79,0.07
41877,69.04,69.65,68.01,69.56,5400,67.32,245406080,0.01,5389,44100,1.81,0.07
41878,68.83,71.23,68.35,68.41,7000,66.2,240555380,0.01,6978,44100,1.78,0.07
41879,68.83,68.83,66.83,67.24,4200,65.07,235620320,0.01,4225,44100,1.75,0.07
41880,67.12,67.12,64.34,65.59,7000,63.68,228660620,0.01,7545,44100,1.71,0.07
41884,65.61,67.41,65.61,66.4,6600,64.47,232077200,0.01,6641,44100,1.73,0.07
41885,66.45,66.45,64,64.21,4000,62.34,222839780,0.01,3958,44100,1.67,0.07
41886,64.48,64.48,60.64,61.44,5700,59.65,211155920,0.01,5712,44100,1.6,0.06
41887,59.86,63.29,59.86,61,3400,59.23,209300000,0.01,3368,44100,1.59,0.06
41890,62,62.71,61.7,62.66,3100,60.84,216301880,0.01,3104,44100,1.63,0.06
41891,62.15,62.31,59.61,59.71,5000,57.97,203858780,0.01,5006,44100,1.55,0.06
41892,59.4,59.85,59.01,59.12,4000,57.4,201370160,0.01,4025,46371,1.54,0.06
41893,58.88,60.29,58.88,58.91,2900,57.2,200484380,0.01,2851,46371,1.53,0.06
41894,59.76,59.76,58.49,58.49,2100,56.79,198712820,0.02,2112,46371,1.52,0.06
41897,58.29,58.29,55.1,56.69,6300,55.04,191120420,0.02,6348,46371,1.47,0.06
41898,56.5,56.5,56,56,6000,54.37,188210000,0.02,6035,46371,1.46,0.06
41899,55.2,56,55,55,4800,53.4,183992000,0.02,4849,46371,1.43,0.06
41900,54.5,55.67,52.97,54.28,4400,52.7,180955040,0.02,4421,46371,1.41,0.06
41901,54.28,55.74,49.71,50.42,19100,48.95,164673560,0.02,19052,46371,1.31,0.05
41904,51.94,52,50.8,50.8,8400,49.32,166276400,0.02,8403,46371,1.32,0.05
41905,50.74,51.08,49,49.67,11600,48.22,161510060,0.02,11629,46371,1.29,0.05
41906,50.17,52.67,49.05,49.81,5800,48.36,162100580,0.02,5773,48552,1.3,0.05
41907,49.74,50.35,48.6,48.62,3600,47.21,157081160,0.02,3585,48552,1.26,0.05
41908,49.09,49.09,48.58,48.68,6100,47.26,157334240,0.02,6082,48552,1.27,0.05
41911,48.58,49.24,48.58,48.62,7300,47.21,157081160,0.02,7286,48552,1.26,0.05
41912,48.61,48.7,44.26,44.29,14100,43,138817220,0.02,14143,48552,1.15,0.05
41913,44.96,45.4,44,44.77,23700,43.47,140841860,0.02,23675,48552,1.16,0.05
41914,44.72,45.14,44.06,45.03,9300,43.72,141938540,0.02,9264,48552,1.17,0.05
41915,45.33,45.63,44.11,44.23,5600,42.94,138564140,0.02,5580,48552,1.15,0.05
41918,44.91,45.67,44,44.04,7400,42.76,137762720,0.02,7432,48552,1.15,0.04
41919,44,44.94,44,44,10400,42.72,137594000,0.02,10390,48552,1.14,0.04
41920,44.35,45.3,44.19,44.69,6200,43.39,140504420,0.02,6246,48552,1.16,0.05
41921,45.52,46.14,44.47,44.5,9900,43.21,139703000,0.02,9907,51526,1.16,0.05
41922,44.5,46.58,44.5,44.68,7700,43.38,140462240,0.02,7669,51526,1.16,0.05
41925,45.27,45.27,44.39,44.39,7100,43.1,139239020,0.02,7161,51526,1.15,0.05
41926,46.59,46.59,43.72,44.38,8600,43.09,139196840,0.02,8566,51526,1.15,0.05
41927,44.31,45.97,43,44.46,8800,43.17,139534280,0.02,9034,51526,1.16,0.05
41928,44,45.58,44,44.62,5300,43.32,140209160,0.02,5251,51526,1.16,0.05
41929,45.78,45.78,43.17,43.17,8600,41.91,134093060,0.02,8556,51526,1.12,0.04
41932,43.17,43.17,42,43.02,12400,41.77,133460360,0.02,12400,51526,1.12,0.04
41933,43.52,44.99,42.6,44.29,6100,43,138817220,0.02,6059,51526,1.15,0.05
41934,43.5,44.07,42.8,43.6,10700,42.33,135906800,0.02,10744,51526,1.13,0.04
41935,43.55,43.79,43.21,43.78,5600,42.51,136666040,0.02,5628,51526,1.14,0.04
41936,43.32,44.37,43.15,43.93,11300,42.65,137298740,0.02,11311,53187,1.14,0.04
41939,44.41,45.17,43.21,43.66,5600,42.39,136159880,0.02,5580,53187,1.14,0.04
41940,45.95,46.56,44.03,44.82,6400,43.52,141052760,0.02,6442,53187,1.17,0.05
41941,44.38,46.47,43.9,43.9,6700,42.62,137172200,0.02,6688,53187,1.14,0.04
41942,43.99,45.84,43.16,43.29,11200,42.03,134599220,0.02,11318,53187,1.13,0.04
41943,43.53,44.05,41.51,42.05,13400,40.83,129368900,0.02,13427,53187,1.09,0.04
41946,42.09,43.59,42.05,42.21,6300,40.98,130043780,0.02,6252,53187,1.1,0.04
41947,42.05,42.2,41.75,41.87,2500,40.65,128609660,0.02,2519,53187,1.09,0.04
41948,42,42,40.06,40.68,12000,39.5,123590240,0.02,12017,53187,1.06,0.04
41949,40.7,41.99,40.27,41.99,2300,40.77,79678820,0.02,2344,53187,1.07,0.04
41950,41.64,43.33,41.16,42.8,9900,41.55,83095400,0.02,9942,53187,1.09,0.04
41953,43.08,44.81,43.08,44.81,10200,43.51,91573580,0.02,10200,53187,1.14,0.04
41954,44.45,45.96,43.76,45.85,5500,44.52,95960300,0.02,5452,50459,1.17,0.05
41955,45,47.89,44.41,47.43,10800,46.05,102624740,0.02,10796,50459,1.21,0.05
41956,46.79,48.46,46.02,47.55,5300,46.17,103130900,0.02,5269,50459,1.21,0.05
41957,46.91,48.75,46.91,47.19,6900,45.82,101612420,0.02,6876,50459,1.21,0.05
41960,47.15,47.8,46,47.34,8300,45.96,102245120,0.02,8325,50459,1.21,0.05
41961,47.13,47.79,46.38,46.83,6500,45.47,100093940,0.02,6450,50459,1.2,0.05
41962,46.62,46.98,46,46,6800,44.66,96593000,0.02,6822,50459,1.18,0.05
41963,46.01,46.12,44.05,44.86,5100,43.55,91784480,0.02,5052,50459,1.15,0.04
41964,45.49,46.71,44.01,44.56,16800,43.26,90519080,0.02,16793,50459,1.14,0.04
41967,44.11,45.48,44.11,44.9,9800,43.59,91953200,0.02,9761,50459,1.15,0.04
41968,44.5,45.66,44.5,45.08,7700,43.77,92712440,0.02,7659,40417,1.15,0.04
41969,44.83,45.84,44.5,45.63,9700,44.3,95032340,0.02,9723,40417,1.17,0.05
41971,44.76,45.28,44.29,44.29,5200,43.21,89380220,0.02,5241,40417,1.13,0.04
41974,44.29,45.18,42.05,42.53,15600,41.49,81956540,0.02,15695,40417,1.09,0.04
41975,42.88,45.09,40.67,43.96,5600,42.89,87988280,0.02,5571,40417,1.12,0.04
41976,44.24,45.09,43.11,44.37,6400,43.29,89717660,0.02,6407,40417,1.13,0.04
41977,44.34,44.34,43.11,43.79,7900,42.72,87271220,0.02,7922,40417,1.12,0.04
41978,43.33,44.51,42.84,43.11,6000,42.06,84402980,0.02,6047,40417,1.1,0.04
41981,43.66,44.17,43.22,43.5,8700,42.44,86048000,0.02,8714,40417,1.11,0.04
41982,43.85,43.96,41.65,43.96,11100,42.89,87988280,0.02,11275,40516,1.12,0.04
41983,43.78,43.87,41.82,42.12,10800,41.09,80227160,0.02,11019,40516,1.08,0.04
41984,42.82,42.82,40.66,41.1,14300,40.1,75924800,0.02,14260,40516,1.05,0.04
41985,40.7,42.86,38.97,39.7,8400,38.73,70019600,0.02,8383,40516,1.01,0.04
41988,39.88,40,38.58,38.85,4800,37.9,66434300,0.02,4800,40516,0.99,0.04
41989,39.56,42.44,39,40.74,6400,39.75,74406320,0.02,6378,40516,1.04,0.04
41990,41.55,47.26,41.55,47.21,12700,46.06,101696780,0.02,12916,40516,1.21,0.05
41991,47.21,47.21,45.24,46.28,6900,45.15,97774040,0.02,6872,40516,1.18,0.05
41992,46.02,47.63,42.51,46.75,14800,45.61,99756500,0.02,15212,40516,1.19,0.05
41995,47.17,48.38,46.94,47.2,5300,46.05,101654600,0.02,5273,40516,1.21,0.05
41996,47.31,49.41,47.31,47.81,2500,46.64,104227580,0.02,2452,40516,1.22,0.05
41997,49.3,49.3,47.53,48.31,700,47.13,106336580,0.02,728,36787,1.23,0.05
41999,47.85,49.21,47.11,48.28,3400,47.1,106210040,0.02,3418,36787,1.23,0.05
42002,48.17,48.24,46.84,47.43,2800,46.27,102624740,0.02,2792,36787,1.21,0.05
42003,45.9,48.1,45.9,48.1,4500,46.93,105450800,0.02,4458,36787,1.23,0.05
42004,48.1,50.54,47.88,49.95,8000,48.73,113254100,0.02,8006,36787,1.28,0.05
42006,48.68,50,48.17,49.67,1300,48.46,112073060,0.02,1261,36787,1.27,0.05
42009,49.3,49.99,47.31,48.49,6400,47.31,107095820,0.02,6379,36787,1.24,0.05
42010,49.09,49.98,48.43,48.89,7400,47.7,108783020,0.02,7350,36787,1.25,0.05
42011,49.39,50.89,48.26,50.5,2300,49.27,115574000,0.02,2307,36787,1.29,0.05
42012,50.99,51.89,50.3,51.66,6100,50.4,120466880,0.02,6142,36787,1.32,0.05
42013,52.15,52.45,50.84,51.67,9300,50.41,120509060,0.02,9288,36787,1.32,0.05
42016,52.13,52.58,50.81,52.15,4800,50.88,122533700,0.02,4777,34084,1.33,0.05
42017,52.58,54.17,52.3,53.67,18000,52.36,128945060,0.02,18043,34084,1.37,0.05
42018,50,52.4,49.01,51.58,14800,50.32,120129440,0.02,14809,34084,1.32,0.05
42019,51.95,57.01,50,54.64,21100,53.31,133036520,0.02,21067,34084,1.4,0.05
42020,55.19,57.1,55.14,56.5,5200,55.12,140882000,0.02,5202,34084,1.44,0.06
42024,59,59,56,57.24,15100,55.84,144003320,0.02,15066,34084,1.46,0.06
42025,55.45,57.32,55.45,56.74,7400,55.36,141894320,0.02,7422,34084,1.45,0.06
42026,57.58,58.92,56.72,58.62,12500,57.19,149824160,0.02,12484,34084,1.5,0.06
42027,58.64,58.64,56.91,57.04,4300,55.65,143159720,0.02,4259,34084,1.46,0.06
42030,57.05,58,57.05,57.9,3000,56.49,146787200,0.02,3063,34084,1.48,0.06
42031,57.54,58.75,57.54,58.37,6400,56.95,148769660,0.02,6381,34832,1.49,0.06
42032,58.75,59.04,58,58.4,6700,56.98,148896200,0.02,7156,34832,1.49,0.06
42033,58.86,59.05,58,59,10200,57.56,151427000,0.01,10250,34832,1.51,0.06
42034,58.81,59.09,57.5,58.04,4300,56.62,147377720,0.02,4254,34832,1.48,0.06
42037,58.06,58.86,58.04,58.86,3500,57.42,150836480,0.01,3509,34832,1.5,0.06
42038,58.86,60.48,58.61,59.93,4700,58.47,155349740,0.01,4675,34832,1.53,0.06
42039,59.89,62,59.89,61.13,5900,59.64,160411340,0.01,5999,34832,1.56,0.06
42040,61.96,63.96,61.96,62.29,5200,60.77,165304220,0.01,5200,34832,1.59,0.06
42041,62.79,65.23,60.67,62.2,12800,60.68,164924600,0.01,12847,34832,1.59,0.06
42044,62.25,65.15,62.25,64.39,13000,62.82,174162020,0.01,12985,34832,1.64,0.06
42045,64.82,65.62,64.53,65.3,11500,63.71,178000400,0.01,11455,33508,1.67,0.06
42046,65.62,66.8,63.3,65.65,5000,64.05,179476700,0.01,5044,33508,1.68,0.07
42047,66.5,66.5,64.01,65.79,8400,64.19,180067220,0.01,8402,33508,1.68,0.07
42048,66.49,66.49,64.58,64.58,8300,63,174963440,0.01,8333,33508,1.65,0.06
42052,65.25,66.76,64.5,65.69,16400,64.09,179645420,0.01,16381,33508,1.68,0.07
42053,65.07,66.34,64.36,66.01,7900,64.4,180995180,0.01,7932,33508,1.69,0.07
42054,66.11,66.88,65.48,66.63,9100,65,183610340,0.01,9135,33508,1.7,0.07
42055,66.88,68,65.63,66.98,11900,65.35,185086640,0.01,11883,33508,1.71,0.07
42058,67.3,68.49,67.03,67.56,13200,65.91,187533080,0.01,13204,33508,1.73,0.07
42059,68.54,72.09,68.11,70.31,18100,68.6,199132580,0.01,18137,33508,1.8,0.07
42060,71.5,73.28,71.21,72.91,16300,71.13,210099380,0.01,16340,37645,1.86,0.07
42061,72.99,72.99,69.53,70.99,8300,69.26,202000820,0.01,8280,37645,1.81,0.07
42062,70.63,70.86,66.88,66.88,16400,65.25,184664840,0.01,16663,37645,1.71,0.07
42065,67.97,69.97,67.97,68.56,9100,66.89,191751080,0.01,9132,37645,1.75,0.07
42066,68.95,69.06,68.48,68.48,7500,66.81,191413640,0.01,7513,37645,1.75,0.07
42067,67.76,68.97,66.01,67.47,11400,65.82,187153460,0.01,11423,37645,1.72,0.07
42068,68.79,68.79,66.94,67.99,3900,66.33,189346820,0.01,3895,37645,1.74,0.07
42069,67.37,68.3,66.64,66.64,6800,65.01,183652520,0.01,6774,37645,1.7,0.07
42072,68.75,68.75,65.08,66.86,9000,65.45,184580480,0.01,9023,37645,1.71,0.07
42073,66.8,66.8,63.8,64.12,5400,62.76,173023160,0.01,5430,35986,1.64,0.06
42074,63.7,65.64,62.94,64.09,10400,62.73,172896620,0.01,10442,35986,1.64,0.06
42075,64.5,64.5,62.98,64.43,8700,63.07,191581740,0.01,8687,35986,1.73,0.07
42076,64.63,64.63,59.2,60,24400,58.73,172896000,0.01,25066,35986,1.61,0.06
42079,59.75,60.47,59.44,60.1,13200,58.83,173317800,0.01,13168,35986,1.61,0.06
42080,60,61.7,59.63,60.64,19100,59.36,175595520,0.01,19116,35986,1.62,0.06
42081,61.97,62,60,60.83,11600,59.54,176396940,0.01,11607,35986,1.63,0.06
42082,60.43,62.18,59.59,60.06,8600,58.79,173149080,0.01,8599,35986,1.61,0.06
42083,60.2,60.99,57.5,58.32,17900,57.09,165809760,0.02,18112,35986,1.56,0.06
42086,57.85,60.35,55.53,59.25,13800,58,169732500,0.01,13781,35986,1.59,0.06
42087,59.02,60.9,59.02,60.9,19300,59.61,176692200,0.01,19314,29569,1.63,0.06
42088,60.8,62.5,60.42,61.59,10100,60.29,179602620,0.01,10116,29569,1.65,0.06
42089,62.34,64.82,61.64,63.94,6600,62.59,189514920,0.01,6623,29569,1.71,0.07
42090,64.76,67.35,64.04,64.58,13800,63.21,192214440,0.01,13756,29569,1.73,0.07
42093,64.83,67.15,64.83,66.98,12000,65.56,202337640,0.01,11976,29569,1.79,0.07
42094,67.11,68.11,67.05,67.21,7700,65.79,203307780,0.01,7784,29569,1.8,0.07
42095,68,68.97,66.88,68.97,14300,67.51,210731460,0.01,14334,29569,1.85,0.07
42096,69.5,70,69.14,70,12200,68.52,215076000,0.01,12246,29569,1.87,0.07
42100,69.88,69.88,65.61,65.64,16600,64.25,196685520,0.01,16615,29569,1.76,0.07
42101,66.3,68.2,65.47,66.06,8600,64.66,198457080,0.01,8577,29569,1.77,0.07
42102,66.81,69.15,66,66.59,6700,65.18,200692620,0.01,6711,29569,1.78,0.07
42103,66.84,67,64.61,66.16,5100,64.76,198878880,0.01,5255,29569,1.77,0.07
42104,67.56,67.56,64.2,64.53,5700,63.16,192003540,0.01,5715,35247,1.73,0.07
42107,64,65.05,63.3,64.53,8900,63.16,192003540,0.01,8916,35247,1.73,0.07
42108,64.39,64.56,62.98,64.34,14600,62.98,191202120,0.01,14618,35247,1.72,0.07
42109,64.21,64.54,63.3,63.79,3600,62.44,188882220,0.01,3627,35247,1.71,0.07
42110,63.5,63.81,61.04,61.05,10500,59.76,177324900,0.01,10459,35247,1.63,0.06
42111,60.73,62.29,60.19,60.83,7400,59.54,176396940,0.01,7380,35247,1.63,0.06
42114,61.78,61.98,60.18,61.5,8800,60.2,179223000,0.01,8784,35247,1.65,0.06
42115,59.75,61.39,59.75,60.99,1800,59.7,177071820,0.01,1798,35247,1.63,0.06
42116,60.75,61.8,58.7,58.75,5600,57.51,167623500,0.01,5632,35247,1.57,0.06
42117,59,59.55,58.6,58.6,6500,57.36,166990800,0.02,6506,35247,1.57,0.06
42118,58.63,59.04,57.5,57.95,9100,56.72,164249100,0.02,9105,31553,1.55,0.06
42121,57.81,58.8,56.49,56.49,8000,55.29,158090820,0.02,8035,31553,1.51,0.06
42122,57.32,57.32,54.72,54.72,11900,53.56,150624960,0.02,11858,31553,1.47,0.06
42123,54.5,54.94,52.91,52.91,7900,51.79,142990380,0.02,7942,31553,1.42,0.05
42124,53.41,53.8,46.6,46.6,14500,45.61,116374800,0.02,14844,31553,1.25,0.05
42125,46.8,49.18,44.81,46.4,17000,45.42,115531200,0.02,16953,31553,1.24,0.05
42128,46.28,47.71,46.28,47,5300,46.01,118062000,0.02,5281,31553,1.26,0.05
42129,47.01,47.27,44.85,44.85,11500,43.9,108993300,0.02,11505,31553,1.2,0.05
42130,44.76,45.32,43.5,44.43,8900,43.49,107221740,0.02,8898,31553,1.19,0.05
42131,44.67,45.6,44.05,44.79,4900,43.84,100792220,0.02,4917,31553,1.19,0.05
42132,45.55,46.97,45.55,46.76,7200,45.77,109101680,0.02,7254,31553,1.24,0.05
42135,46.85,46.93,46.15,46.76,8700,45.77,109101680,0.02,8686,26619,1.24,0.05
42136,46.54,46.54,44.01,44.04,7500,43.11,97628720,0.02,7627,26619,1.16,0.05
42137,44.68,44.68,41.67,43.14,10600,42.23,93832520,0.02,10578,26619,1.14,0.05
42138,46.35,46.35,45,45.05,2800,44.1,101888900,0.02,2847,26619,1.19,0.05
42139,44.87,46.33,44.5,44.66,5100,43.72,100243880,0.02,5051,26619,1.18,0.05
42142,44.34,44.69,42.96,43.6,6600,42.68,95772800,0.02,6623,26619,1.15,0.05
42143,44.08,45,43.3,44,8300,43.07,97460000,0.02,8451,26619,1.16,0.05
42144,44.66,45.25,43.1,43.29,11800,42.37,94465220,0.02,11777,26619,1.14,0.05
42145,43.5,43.5,40.4,40.6,20200,39.74,83118800,0.02,20245,26619,1.07,0.05
42146,40.67,42,39.45,39.71,16600,38.87,79364780,0.02,16639,26619,1.05,0.04
42150,39,42.23,39,41.51,34700,40.63,86957180,0.02,34744,26619,1.1,0.05
42151,42.11,42.95,40.96,42.5,12800,41.6,91133000,0.02,12776,32355,1.12,0.05
42152,42.81,43,41.94,42.14,10500,41.25,89614520,0.02,10502,32355,1.11,0.05
42153,42.6,44.7,41.1,42.9,13500,41.99,92820200,0.02,13458,32355,1.13,0.05
42156,43.55,44,42.72,43.1,13100,42.41,93663800,0.02,13093,32355,1.14,0.05
42157,43.49,43.9,43.49,43.51,3300,42.81,95393180,0.02,3337,32355,1.15,0.05
42158,43.44,44.45,43.44,43.6,9500,42.9,95772800,0.02,9614,32355,1.15,0.05
42159,43.55,44.3,43.55,44.09,7100,43.38,97839620,0.02,7159,32355,1.16,0.05
42160,44.1,44.69,43.67,44.56,4700,43.84,99822080,0.02,4650,32355,1.18,0.05
42163,44.4,44.85,43.38,44.5,9500,43.78,99569000,0.02,9573,32355,1.18,0.05
42164,44.77,46.25,43.29,45.75,10800,45.01,104841500,0.02,10793,37729,1.21,0.05
42165,44.54,47.58,44.31,47.49,13400,46.72,112180820,0.02,13421,37729,1.25,0.05
42166,49.67,49.67,46.99,47.56,6300,46.79,112476080,0.02,6262,37729,1.26,0.05
42167,47.65,48.99,47.2,47.88,5300,47.11,113825840,0.02,5361,37729,1.26,0.05
42170,47.76,48.93,47.14,48.36,6800,47.58,115850480,0.02,6782,37729,1.28,0.05
42171,48.71,49.46,48.09,49.46,6400,48.66,120490280,0.02,6416,37729,1.31,0.06
42172,49.11,50.23,49.11,49.39,8200,48.59,120195020,0.02,8191,37729,1.3,0.06
42173,49.6,50.61,48,49.44,20700,48.64,120405920,0.02,20809,37729,1.31,0.06
42174,49.3,51.65,48.62,49.9,9400,49.1,122346200,0.02,9842,37729,1.32,0.06
42177,49.81,51.39,49.8,50.43,2700,49.62,124581740,0.02,2703,37729,1.33,0.06
42178,50.53,50.98,50.25,50.95,6500,50.13,126775100,0.02,6534,37729,1.35,0.06
42179,50.73,51.49,50.66,50.66,4300,49.84,125551880,0.02,4686,43252,1.34,0.06
42180,50.53,50.65,50,50.15,1900,49.34,123400700,0.02,1900,43252,1.32,0.06
42181,48.03,49.08,46.26,46.94,9400,46.18,109860920,0.02,9862,43252,1.24,0.05
42184,46.7,46.7,45.51,45.71,7000,44.97,104672780,0.02,7162,43252,1.21,0.05
42185,46.38,46.38,44.1,44.6,11900,43.88,99990800,0.02,11872,43252,1.18,0.05
42186,44.54,44.95,42.53,44.59,10300,43.87,99948620,0.02,10334,43252,1.18,0.05
42187,43.67,44,43.67,43.7,1000,43,96194600,0.02,969,43252,1.15,0.05
42191,43.15,44.75,43.15,43.94,3500,43.23,97206920,0.02,3450,43252,1.16,0.05
42192,43.62,44.85,43.45,43.46,5200,42.76,95182280,0.02,5183,43252,1.15,0.05
42193,43.63,43.63,42.5,43.5,1700,42.8,95351000,0.02,1727,43252,1.15,0.05
42194,43.1,44.67,43,43,4300,42.31,93242000,0.02,4327,43252,1.14,0.05
42195,43.81,44.99,43.47,44.99,6000,44.27,101635820,0.02,5981,39077,1.19,0.05
42198,44.95,45.25,44.55,44.55,3800,43.83,99779900,0.02,3780,39077,1.18,0.05
42199,45.01,45.01,43.47,44.15,5700,43.44,98092700,0.02,5684,39077,1.17,0.05
42200,43.8,44.05,43.01,43.46,6700,42.76,95182280,0.02,6667,39077,1.15,0.05
42201,43.42,44.61,43.42,43.84,2100,43.13,96785120,0.02,2143,39077,1.16,0.05
42202,43.85,44.37,43.33,43.33,3100,42.63,94633940,0.02,3076,39077,1.14,0.05
42205,43.68,43.79,43.5,43.79,1900,43.08,96574220,0.02,1916,39077,1.16,0.05
42206,43.28,45.46,43.28,43.52,2700,42.82,95435360,0.02,2738,39077,1.15,0.05
42207,43.51,43.89,43.5,43.5,2900,42.8,95351000,0.02,2902,39077,1.15,0.05
42208,43.16,43.5,43,43,2400,42.31,93242000,0.02,2426,39077,1.14,0.05
42209,42.67,42.99,42.56,42.67,2500,41.98,91850060,0.02,2455,34506,1.13,0.05
42212,42.5,42.5,42,42,1300,41.32,89024000,0.02,1269,34506,1.11,0.05
42213,42.65,42.65,41.9,41.9,1300,41.22,88602200,0.02,1392,34506,1.11,0.05
42214,41.95,45.74,41.95,45.74,19300,45,104799320,0.02,19282,34506,1.21,0.05
42215,45.74,46.89,45.44,46.39,4900,45.64,107541020,0.02,4926,34506,1.23,0.05
42216,46.47,48.6,46.47,47.77,10700,47,113361860,0.02,10772,34506,1.26,0.05
42219,48.1,48.25,47.63,47.63,1100,46.86,112771340,0.02,1149,34506,1.26,0.05
42220,46.15,46.75,44.55,44.55,20600,43.83,99779900,0.02,20601,34506,1.18,0.05
42221,46,47.19,45,47.19,8000,46.43,110915420,0.02,8032,34506,1.25,0.05
42222,43.26,48.42,43.26,44.75,3300,44.03,104775500,0.02,3345,34506,1.16,0.06
42223,45.38,46.54,43.25,45.32,14700,44.59,107179760,0.02,14689,34506,1.17,0.06
42226,44.6,46.89,44.6,46.75,2800,46,113211500,0.02,3154,34506,1.21,0.06
42227,47.25,47.25,45.28,45.28,5400,44.55,107011040,0.02,5458,33027,1.17,0.06
42228,45.3,46.24,45.17,46.09,7200,45.35,110427620,0.02,7184,33027,1.19,0.06
42229,45.8,46.09,45.8,45.83,900,45.09,109330940,0.02,913,33027,1.19,0.06
42230,46.13,46.88,46.13,46.88,1900,46.12,113759840,0.02,1995,33027,1.21,0.06
42233,46.5,47,46.3,46.43,1700,45.68,111861740,0.02,1771,33027,1.2,0.06
42234,46.25,46.25,45.45,45.45,1100,44.72,107728100,0.02,1093,33027,1.18,0.06
42235,45.77,46.44,45.51,45.51,900,44.78,107981180,0.02,913,33027,1.18,0.06
42236,45.72,46,44.13,45.43,2700,44.7,107643740,0.02,2669,33027,1.17,0.06
42237,45.08,45.63,43,43.93,4400,43.22,101316740,0.02,4362,33027,1.14,0.06
42240,40.78,42.49,38.88,41.51,9900,40.84,91092409,0.02,9968,33027,1.07,0.06
42241,41.75,43.45,41.75,43.45,4100,42.75,99274546,0.02,4167,39387,1.12,0.06
42242,42.31,43.04,39,43.04,12900,42.35,97545331,0.02,12890,39387,1.11,0.06
42243,43.04,45.21,43.04,45.21,1800,44.48,106697515,0.02,1940,39387,1.17,0.06
42244,43.86,45.15,43.86,44.25,3300,43.54,102648623,0.02,3333,39387,1.14,0.06
42247,44.61,45.99,44.5,45.61,1700,44.88,108384553,0.02,1748,39387,1.18,0.06
42248,44,44.9,43.56,43.56,3600,43.07,99738481,0.02,3604,39387,1.13,0.06
42249,43.46,44.26,41.81,43.71,11800,43.21,100371121,0.02,11804,39387,1.13,0.06
42250,43.57,43.78,43.39,43.78,1200,43.28,100666352,0.02,1263,39387,1.13,0.06
42251,43.45,44.56,43.05,43.3,1600,42.81,98641906,0.02,1577,39387,1.12,0.06
42255,43.3,43.6,43.25,43.55,8500,43.06,99696305,0.02,8753,39387,1.13,0.06
42256,43.75,44.82,43.55,43.76,6400,43.26,100582000,0.02,6445,39387,1.13,0.06
42257,43.63,44.63,43.63,44.2,5900,43.7,102437743,0.02,5888,45528,1.14,0.06
42258,43.72,44,43,43.86,1100,43.36,101003760,0.02,1052,45528,1.13,0.06
42261,43.3,43.3,42.77,42.77,1300,42.28,96406580,0.02,1301,45528,1.11,0.06
42262,42.5,43.39,42.45,42.66,2500,42.18,95942645,0.02,2453,45528,1.1,0.06
42263,42.92,44.3,40.73,41.69,6700,41.22,91851577,0.02,6685,45528,1.08,0.06
42264,42.25,42.98,41.3,42.98,2100,42.49,97292276,0.02,2056,45528,1.11,0.06
42265,42.5,43.91,41.22,43.87,4000,43.37,101045936,0.02,4059,45528,1.13,0.06
42268,43.7,43.73,43.16,43.16,1500,42.67,98051443,0.02,1535,45528,1.12,0.06
42269,41.6,42.25,41.6,42,2600,41.52,93159032,0.02,2808,45528,1.09,0.06
42270,40.82,42.11,40.82,42.01,2400,41.53,93201207,0.02,2377,45528,1.09,0.06
42271,41,41.51,41,41.51,1200,41.04,91092409,0.02,1165,44853,1.07,0.06
42272,41.51,42.5,41.51,41.81,6000,41.34,92357688,0.02,6018,44853,1.08,0.06
42275,42.11,42.7,40.65,40.76,2000,40.3,87929212,0.02,2029,44853,1.05,0.05
42276,42.49,42.49,41.49,41.49,2300,41.02,91008058,0.02,2337,44853,1.07,0.06
42277,41,41,41,41,2300,40.54,88941436,0.02,2255,44853,1.06,0.05
42278,41.4,41.4,40.91,40.91,5400,40.45,88561852,0.02,5488,44853,1.06,0.05
42279,40.86,41.32,40.75,41.32,3800,40.85,90291066,0.02,3783,44853,1.07,0.05
42282,40.92,42.48,40.92,42.47,3900,41.99,95141302,0.02,3915,44853,1.1,0.06
42283,41.41,41.41,41.41,41.41,1000,40.94,90670650,0.02,1192,44853,1.07,0.05
42284,41.25,42.07,41.25,42.07,2400,41.59,93454263,0.02,2450,44853,1.09,0.06
42285,41.23,43.39,41.23,43.39,3800,42.9,99021490,0.02,3999,44853,1.12,0.06
42286,43.7,44,43.7,43.99,1000,43.49,101552048,0.02,1016,44842,1.14,0.06
42289,44.37,44.98,44.37,44.98,2800,44.47,105727468,0.02,3320,44842,1.16,0.06
42290,44.9,44.9,42.71,42.86,2100,42.37,96786164,0.02,2276,44842,1.11,0.06
42291,42.6,42.8,41.63,41.63,3200,41.16,91598521,0.02,3257,44842,1.08,0.06
42292,44.96,44.96,42.29,43.55,11100,43.06,99696305,0.02,11569,44842,1.13,0.06
42293,43.69,45.87,42.64,42.88,12900,42.39,96870516,0.02,12986,44842,1.11,0.06
42296,43.44,46.3,43.05,45.07,9600,44.56,106107051,0.02,9628,44842,1.17,0.06
42297,43.72,45.2,43.72,45.2,1900,44.69,106655339,0.02,1995,44842,1.17,0.06
42298,45.2,45.4,44.27,44.27,7200,43.77,102732974,0.02,7200,44842,1.14,0.06
42299,45.43,45.43,44.65,44.65,1200,44.14,104335661,0.02,1203,44842,1.15,0.06
42300,45.87,45.87,45.87,45.87,400,45.35,109481128,0.02,572,44842,1.19,0.06
42303,45.89,46.86,44.61,45.44,5900,44.92,107667562,0.02,5927,44967,1.18,0.06
42304,45.55,45.9,45.2,45.35,9000,44.84,107287978,0.02,9137,44967,1.17,0.06
42305,45.23,45.9,45.23,45.9,4700,45.38,109607656,0.02,4786,44967,1.19,0.06
42306,45.14,45.75,44.95,45.09,1400,44.58,106191403,0.02,1448,44967,1.17,0.06
42307,45.1,45.1,44.46,44.46,4100,43.96,103534318,0.02,4083,44967,1.15,0.06
42310,44.84,45.23,42.86,45.05,17300,44.54,106022699,0.02,17339,44967,1.17,0.06
42311,45.05,45.86,44.08,45.86,11100,45.34,109438952,0.02,11196,44967,1.19,0.06
42312,45.8,45.8,44.35,45.09,4800,44.58,106191403,0.02,4867,44967,1.17,0.06
42313,45.98,45.98,45.98,45.98,400,45.46,98690064,0.02,367,44967,1.25,0.08
42314,44.56,45.87,44.4,45.87,4100,45.35,98244660,0.02,4125,44967,1.2,0.08
42317,45.05,45.48,43.88,43.96,3400,43.46,90188280,0.02,3419,44967,1.15,0.08
42318,45.05,45.9,45.05,45.05,2600,44.54,94785900,0.02,2621,42036,1.17,0.08
42319,43.08,44.06,43.08,44,1000,43.5,90357000,0.02,991,42036,1.15,0.08
42320,43.63,43.63,42.5,42.5,900,42.02,84030000,0.02,1000,42036,1.11,0.07
42321,42.5,43.38,42.5,42.6,900,42.12,84451800,0.02,939,42036,1.11,0.07
42324,42.58,44.49,42.58,44.49,5000,43.99,92423820,0.02,4975,42036,1.16,0.08
42325,44.5,44.83,43.96,44.05,11200,43.55,90567900,0.02,11198,42036,1.15,0.08
42326,43.11,44,42.7,44,3700,43.5,90357000,0.02,3843,42036,1.15,0.08
42327,43.4,43.86,42,43.37,7200,42.88,87699660,0.02,7171,42036,1.13,0.07
42328,43.75,44.88,43.51,44.88,5100,44.37,94068840,0.02,5086,42036,1.17,0.08
42331,44.35,44.7,43.06,44,3800,43.5,90357000,0.02,3821,42036,1.15,0.08
42332,42.04,43.16,42.04,43.13,3800,42.64,86687340,0.02,3754,36369,1.12,0.07
42333,43.06,43.25,43.06,43.25,600,42.76,87193500,0.02,592,36369,1.13,0.07
42335,43.14,43.14,43.14,43.14,300,42.65,86729520,0.02,270,36369,1.12,0.07
42338,43.7,43.7,42.35,42.92,3400,42.65,85801560,0.02,3469,36369,1.12,0.07
42339,42.47,42.51,42.25,42.25,3400,41.98,82975500,0.02,3412,36369,1.1,0.07
42340,42.57,42.57,41.78,41.78,3200,41.52,80993040,0.02,3251,36369,1.09,0.07
42341,41.15,42.34,40.8,41.01,22700,40.75,77745180,0.02,22841,36369,1.07,0.07
42342,41.75,42.5,41.4,42.5,8700,42.23,84030000,0.02,8650,36369,1.11,0.07
42345,42.07,42.07,39.25,39.25,11800,39,70321500,0.02,11780,36369,1.02,0.07
42346,39,39.3,38.73,38.86,6800,38.62,68676480,0.02,7260,36369,1.01,0.07
42347,38.81,38.81,38.38,38.55,6200,38.31,67368900,0.02,6369,35216,1,0.07
42348,38.4,38.73,38,38.26,9200,38.02,66145680,0.02,9157,35216,1,0.07
42349,38.18,39.4,37.75,37.82,7300,37.58,64289760,0.02,7277,35216,0.99,0.07
42352,38.39,38.5,34.26,35,13100,34.78,52395000,0.03,13226,35216,0.91,0.06
42353,35.25,36.49,34.75,35.69,16100,35.47,55305420,0.02,16122,35216,0.93,0.06
42354,35.91,36.99,34.92,35.35,9700,35.13,53871300,0.02,9780,35216,0.92,0.06
42355,38.86,38.86,35,35.05,8100,34.83,52605900,0.03,8232,35216,0.91,0.06
42356,34.67,35.09,33.55,33.6,17700,33.39,46489800,0.03,17822,35216,0.88,0.06
42359,34.24,35.49,33.98,35,9800,34.78,52395000,0.03,9765,35216,0.91,0.06
42360,33.71,36.96,33.7,35.85,14000,35.63,55980300,0.02,13964,35216,0.93,0.06
42361,35.84,37.59,35.84,36.66,6300,36.43,59396880,0.02,6325,35216,0.96,0.06
42362,35.85,36.66,35.75,36.5,4500,36.27,58722000,0.02,4457,34116,0.95,0.06
42366,36.43,36.43,34.73,35.24,4500,35.02,53407320,0.02,4537,34116,0.92,0.06
42367,35.62,36.66,35.4,36.53,8500,36.3,58848540,0.02,8508,34116,0.95,0.06
42368,35.5,36.73,35.35,36.3,12900,36.07,57878400,0.02,13022,34116,0.95,0.06
42369,36.43,39.5,35.36,38.4,21400,38.16,66736200,0.02,21541,34116,1,0.07
42373,37.8,38.99,36.84,38.23,13400,37.99,66019140,0.02,13476,34116,1,0.07
42374,38.21,39.82,38.21,39.29,8800,39.04,70490220,0.02,8839,34116,1.02,0.07
42375,39.02,40.37,38.8,39.06,5100,38.81,69520080,0.02,5174,34116,1.02,0.07
42376,38.97,38.97,38,38.15,4600,37.91,65681700,0.02,4796,34116,0.99,0.07
42377,38.62,39.28,37.49,38.72,9200,38.48,68085960,0.02,9288,34116,1.01,0.07
42380,39.18,39.18,37.54,38.33,6300,38.09,66440940,0.02,6347,34116,1,0.07
42381,38.09,39.01,37.32,37.85,9700,37.61,64416300,0.02,9712,35450,0.99,0.07
42382,37.85,37.85,34.85,35.36,9000,35.14,53913480,0.02,9102,35450,0.92,0.06
42383,35.46,35.5,33.6,33.95,8700,33.74,47966100,0.03,8654,35450,0.88,0.06
42384,32.63,34.57,32.3,33.32,6300,33.11,45308760,0.03,6820,35450,0.87,0.06
42388,34,35.5,34,34.62,9500,34.4,50792160,0.03,9512,35450,0.9,0.06
42389,33.81,33.81,30,32,16900,31.8,39741000,0.03,16862,35450,0.83,0.06
42390,32.53,33.95,32.25,33.02,4400,32.81,44043360,0.03,4430,35450,0.86,0.06
42391,33.02,34.41,32.25,33.52,2000,33.31,46152360,0.03,2173,35450,0.87,0.06
42394,33.75,33.75,32.45,32.58,3800,32.38,42187440,0.03,3750,35450,0.85,0.06
42395,32.78,33.21,32.25,33.21,3900,33,44844780,0.03,3868,35450,0.87,0.06
42396,33.72,34.1,33.02,33.02,1700,32.81,44043360,0.03,1734,38088,0.86,0.06
42397,34.15,34.15,33.19,33.19,1600,32.98,44760420,0.03,1566,38088,0.86,0.06
42398,33.3,33.67,32,33.67,3000,33.46,46785060,0.03,3120,38088,0.88,0.06
42401,32.85,34.33,32.85,34.33,2300,34.11,49568940,0.03,2354,38088,0.89,0.06
42402,33.68,35.68,33.01,34.21,13000,34,49062780,0.03,13102,38088,0.89,0.06
42403,34.77,35.21,34,34.96,2400,34.74,52226280,0.03,2353,38088,0.91,0.06
42404,35.58,36.32,34.68,35.54,2600,35.32,54672720,0.02,2612,38088,0.93,0.06
42405,36.42,36.42,34.66,34.66,5800,34.44,50960880,0.03,5966,38088,0.9,0.06
42408,34.87,34.87,33.21,34.75,8300,34.53,51340500,0.03,8314,38088,0.91,0.06
42409,34.96,35.67,34.18,34.18,4100,33.97,48936240,0.03,4129,37744,0.89,0.06
42410,34.91,34.91,33.43,34.04,2100,33.83,48345720,0.03,2118,37744,0.89,0.06
42411,32.38,33.03,31.97,32.93,5800,32.72,43663740,0.03,5763,37744,0.86,0.06
42412,32.53,33.56,32.53,33.55,1600,33.34,46278900,0.03,1619,37744,0.87,0.06
42416,33.9,34.38,32.2,33.73,2400,33.52,47038140,0.03,2374,37744,0.88,0.06
42417,33.52,34.34,32.53,33.5,4600,33.29,46068000,0.03,4634,37744,0.87,0.06
42418,32.25,32.77,31.48,31.78,2900,31.58,38813040,0.03,3047,37744,0.83,0.05
42419,31.85,33.62,31.85,32.49,4000,32.29,41807820,0.03,4003,37744,0.85,0.06
42422,33.48,39.85,33.36,34.71,7200,34.49,51171780,0.03,8045,37744,0.9,0.06
42423,34.72,35.25,33.7,33.78,10300,33.57,47249040,0.03,10324,37744,0.88,0.06
42424,34,34.3,32.8,33.97,3100,33.76,48050460,0.03,3189,39995,0.89,0.06
42425,33.9,35.31,32.54,33.82,4100,33.61,47417760,0.03,4128,39995,0.88,0.06
42426,34,35.95,33,33,3100,32.79,43959000,0.03,3072,39995,0.86,0.06
42429,33.79,33.79,31.95,32.72,4200,32.51,42777960,0.03,4293,39995,0.85,0.06
42430,32.75,33.8,32.75,33.8,2700,33.59,47333400,0.03,2735,39995,0.88,0.06
42431,33.67,34.59,33.28,34.34,2200,34.12,49611120,0.03,2453,39995,0.89,0.06
42432,34.01,34.59,32.96,34.59,5900,34.37,50665620,0.03,5959,39995,0.9,0.06
42433,34.6,35.8,34.6,35.25,4600,35.03,53449500,0.02,4664,39995,0.92,0.06
42436,35.53,36.96,35.21,36.72,7400,36.49,59649960,0.02,7471,39995,0.96,0.06
42437,36.29,36.5,35,35,5300,34.78,52395000,0.03,5390,39995,0.91,0.06
42438,35.29,36.61,34.7,34.7,2500,34.7,51129600,0.03,2530,39995,0.9,0.06
42439,34.46,34.86,33.11,34.33,5800,34.33,52926940,0.03,5823,42252,0.95,0.07
42440,35,36.92,35,36.92,3800,36.92,63836644,0.02,3822,42252,1.02,0.08
42443,36.63,37.7,35.07,37.45,4200,37.45,66071970,0.02,4195,42252,1.04,0.08
42444,36.5,37.7,36.5,36.87,3000,36.87,63625764,0.02,3031,42252,1.02,0.08
42445,37.21,37.71,36.85,37.65,2000,37.65,66915489,0.02,2026,42252,1.04,0.08
42446,37.55,41.4,37.55,41.39,31400,41.39,82689298,0.02,31501,42252,1.14,0.09
42447,41.73,43,39.1,39.1,20200,39.1,73031003,0.02,20235,42252,1.08,0.08
42450,40.01,40.01,38.3,38.77,5400,38.77,71639196,0.02,5380,42252,1.07,0.08
42451,38.35,39.9,38.35,39.9,4200,39.9,76405080,0.02,4280,42252,1.1,0.09
42452,39.5,39.87,38,38.01,3000,38.01,68433823,0.02,3053,42252,1.05,0.08
42453,37.91,38.87,37,38.61,6800,38.61,70964381,0.02,6824,44043,1.07,0.08
42457,38.71,39.49,37.97,38.92,4200,38.92,72271836,0.02,4244,44043,1.08,0.08
42458,38.62,40,37.53,38.75,6700,38.75,71554845,0.02,6798,44043,1.07,0.08
42459,39.65,40,37.72,39.5,6500,39.5,74718042,0.02,6540,44043,1.09,0.09
42460,39.39,39.98,38.49,39.98,3400,39.98,76742488,0.02,3476,44043,1.11,0.09
42461,39,40,38.31,39.3,7700,39.3,73874522,0.02,7669,44043,1.09,0.09
42464,38.96,39.3,38.9,39.19,2500,39.19,73410587,0.02,2500,44043,1.08,0.09
42465,38.78,40,38,38.7,5400,38.7,71343965,0.02,5505,44043,1.07,0.08
42466,38.5,38.5,35.91,36.93,10100,36.93,63878820,0.02,10221,44043,1.02,0.08
42467,36.46,36.8,36.02,36.02,3600,36.02,60040807,0.02,3747,44043,1,0.08
42468,36.03,36.18,35.25,35.75,7900,35.75,58902057,0.02,7866,44043,0.99,0.08
42471,36,36.36,35.98,36.36,1700,36.36,61474790,0.02,1717,46177,1.01,0.08
42472,36.15,38,35.97,37.97,3700,37.97,68265120,0.02,3746,46177,1.05,0.08
42473,37.94,39.05,37.13,39.05,6500,39.05,72820123,0.02,6492,46177,1.08,0.08
42474,39.24,39.77,38,38.79,8200,38.79,71723548,0.02,8231,46177,1.07,0.08
42475,38.8,39.03,37.28,37.28,8500,37.28,65354978,0.02,8452,46177,1.03,0.08
42478,38.7,39,37.41,37.79,2000,37.79,67505952,0.02,1999,46177,1.05,0.08
42479,37.8,39.12,37.8,38.36,3700,38.36,69909982,0.02,3769,46177,1.06,0.08
42480,38.64,38.64,37.09,38,1000,38,68391648,0.02,963,46177,1.05,0.08
42481,37.8,37.8,36.32,37.13,3900,37.13,64722339,0.02,4016,46177,1.03,0.08
42482,37,38.69,37,38.05,1200,38.05,68602527,0.02,1330,46177,1.05,0.08
42485,38.37,40,37.2,37.2,2400,37.2,65017571,0.02,2431,46177,1.03,0.08
42486,38.19,38.63,36.99,38.63,5000,38.63,71048733,0.02,5176,48927,1.07,0.08
42487,39.05,39.89,37.74,38.63,7200,38.63,71048733,0.02,7219,48927,1.07,0.08
42488,38.57,38.57,36.68,38.08,1400,38.08,68729055,0.02,1552,48927,1.05,0.08
42489,38.87,40.25,38.87,40.25,2800,40.25,77881239,0.02,2821,48927,1.11,0.09
42492,39.41,41.34,39.2,40.09,3900,40.09,77206423,0.02,3934,48927,1.11,0.09
42493,39.5,39.5,38.01,38.75,2700,38.75,71554845,0.02,2693,48927,1.07,0.08
42494,38.98,44,38.6,44,13300,44,93697224,0.02,15978,48927,1.22,0.1
42495,44,44.27,42.27,43.3,6100,43.3,90744906,0.02,6063,48927,1.2,0.09
42496,42.55,42.99,40.78,42.99,2000,42.99,98215452,0.02,1999,48927,1.18,0.11
42499,42.54,43.89,40.31,40.31,3500,40.31,86912294,0.02,3788,48927,1.11,0.1
42500,40.68,42,40.51,40.51,3200,40.51,87755813,0.02,3181,47210,1.12,0.1
42501,41.08,42,38.5,39.2,4700,39.2,82230763,0.02,4764,47210,1.08,0.1
42502,39.4,39.4,38.14,38.21,2700,38.21,78055343,0.02,2742,47210,1.05,0.1
42503,38.17,38.55,36.68,37.79,5500,37.79,76283952,0.02,5587,47210,1.04,0.1
42506,38,38.89,38,38.89,1000,38.89,80923308,0.02,1111,47210,1.07,0.1
42507,38.69,38.69,37.26,37.26,2100,37.26,74048626,0.02,2082,47210,1.03,0.1
42508,38.47,40.05,37.21,38.19,8400,38.19,77970991,0.02,8496,47210,1.05,0.1
42509,38.3,38.3,38.3,38.3,300,38.3,78434926,0.02,322,47210,1.06,0.1
42510,38.74,39.47,37.6,39.47,1300,39.47,83369514,0.02,1313,47210,1.09,0.1