5/18/12,42.05,45,38,38.23,573576400,38.23,38.04
5/21/12,36.53,36.66,33,34.03,168192700,34.03,33.765
5/22/12,32.61,33.59,30.94,31,101786600,31,32.305
5/23/12,31.37,32.5,31.36,32,73600000,32,32.2
5/24/12,32.95,33.21,31.77,33.03,50237200,33.03,32.43
5/25/12,32.9,32.95,31.11,31.91,37149800,31.91,30.87
5/29/12,31.48,31.69,28.65,28.84,78063400,28.84,29.835
5/30/12,28.7,29.55,27.86,28.19,57267900,28.19,29.15
5/31/12,28.55,29.67,26.83,29.6,111639200,29.6,28.135
6/1/12,28.89,29.15,27.39,27.72,41855500,27.72,27.895
6/4/12,27.2,27.65,26.44,26.9,35230300,26.9,26.535
6/5/12,26.7,27.76,25.75,25.87,42473400,25.87,26.755
6/6/12,26.07,27.17,25.52,26.81,61489200,26.81,26.19
6/7/12,27,27.35,26.15,26.31,26159500,26.31,27.05
6/8/12,26.55,27.76,26.44,27.1,38034000,27.1,26.78
6/11/12,27.18,28.07,26.84,27.01,28219600,27.01,27.29
6/12/12,27.48,27.77,26.96,27.4,15816800,27.4,27.375
6/13/12,27.66,28.1,27.1,27.27,17102800,27.27,27.975
6/14/12,27.65,28.32,27.38,28.29,16855000,28.29,28.83
6/15/12,28.51,30.1,28.35,30.01,43563800,30.01,29.96
6/18/12,29.96,32.08,29.41,31.41,42978900,31.41,30.935
6/19/12,31.54,32.18,30.7,31.91,30849000,31.91,31.57
6/20/12,31.92,31.93,31.15,31.6,15553600,31.6,31.88
6/21/12,31.67,32.5,31.51,31.84,21875300,31.84,32.36
6/22/12,32.41,33.45,32.06,33.05,74834000,33.05,32.235
6/25/12,32.86,33.02,31.55,32.06,24352900,32.06,32.98
6/26/12,32.69,33.44,32.5,33.1,24858700,33.1,32.46
6/27/12,32.46,32.9,31.9,32.23,28568000,32.23,31.91
6/28/12,31.96,32.19,30.9,31.36,17713300,31.36,31.53
6/29/12,31.92,31.99,30.76,31.1,19526900,31.1,31.345
7/2/12,31.25,31.73,30.55,30.77,14122000,30.77,31.225
7/3/12,30.91,31.44,30.8,31.2,8763600,31.2,31.19
7/5/12,31.32,31.63,31.02,31.47,10032100,31.47,31.525
7/6/12,31.44,31.9,31.26,31.73,10945600,31.73,31.805
7/9/12,32.1,32.88,31.99,32.17,17785200,32.17,31.785
7/10/12,32.43,32.48,31.16,31.47,14269500,31.47,31.7
7/11/12,31.48,31.56,30.55,30.97,13030300,30.97,31.145
7/12/12,30.7,31.4,30.6,30.81,11300700,30.81,30.71
7/13/12,31.04,31.07,30.56,30.72,8108300,30.72,29.645
7/16/12,30.5,30.5,28.21,28.25,24672100,28.25,29.295
7/17/12,28.48,28.59,27.15,28.09,30438600,28.09,28.795
7/18/12,28.31,29.29,28.15,29.11,16841800,29.11,28.655
7/19/12,29.41,29.5,28.63,29,13685100,29,29.085
7/20/12,29,29.47,28.72,28.76,11869100,28.76,28.875
7/23/12,28.12,29,28.01,28.75,12390700,28.75,28.285
7/24/12,28.82,29.45,28.1,28.45,11539800,28.45,29.08
7/25/12,28.39,29.49,28.08,29.34,17230200,29.34,27.62
7/26/12,27.75,28.23,26.73,26.85,64597400,26.85,25.73
7/27/12,23.19,24.54,22.28,23.71,123102300,23.71,23.17
7/30/12,24,24.04,23.03,23.15,29285900,23.15,22.855
7/31/12,23.37,23.37,21.61,21.71,56179400,21.71,22.125
8/1/12,21.5,21.58,20.84,20.88,44604400,20.88,20.77
8/2/12,20.77,20.84,19.82,20.04,56374500,20.04,20.93
8/3/12,20.36,22.16,19.9,21.09,80647000,21.09,21.14
8/6/12,21.39,22.15,21.3,21.92,27778900,21.92,21.055
8/7/12,22.2,22.45,20.5,20.72,36782900,20.72,21.46
8/8/12,20.71,21.15,20.22,20.72,29537400,20.72,20.86
8/9/12,20.75,21.17,20.61,21.01,15610700,21.01,21.28
8/10/12,21.41,21.82,21.13,21.81,25794700,21.81,21.505
8/13/12,22.15,22.45,21.4,21.6,24973100,21.6,21.265
8/14/12,21.41,21.6,20.25,20.38,39308800,20.38,21.305
8/15/12,20.64,21.41,20.4,21.2,47861100,21.2,20.255
8/16/12,20.44,20.48,19.69,19.87,157565300,19.87,19.745
8/17/12,20.01,20.08,19,19.05,129293400,19.05,20.01
8/20/12,19.05,20.13,18.75,20.01,101186600,20.01,19.105
8/21/12,19.58,19.98,19.09,19.16,70640600,19.16,19.51
8/22/12,19.36,19.53,18.96,19.44,49892200,19.44,19.4
8/23/12,19.5,19.73,19.36,19.44,32813700,19.44,19.455
8/24/12,19.52,19.68,19.25,19.41,29622200,19.41,19.335
8/27/12,19.49,19.53,19.1,19.15,20704000,19.15,19.415
8/28/12,19.1,19.38,18.95,19.34,25417000,19.34,19.1
8/29/12,19.32,19.38,19.07,19.1,16124700,19.1,19.205
8/30/12,19.27,19.45,19.06,19.09,30647500,19.09,18.665
8/31/12,18.68,18.7,18.03,18.06,58764200,18.06,18.205
9/4/12,18.08,18.27,17.55,17.73,46622400,17.73,18.33
9/5/12,18.27,18.75,18.18,18.58,60781800,18.58,18.615
9/6/12,18.74,19.26,18.72,18.96,46066500,18.96,18.86
9/7/12,19.1,19.42,18.78,18.98,36371700,18.98,18.955
9/10/12,19.06,19.2,18.55,18.81,24797800,18.81,19.245
9/11/12,18.92,19.58,18.85,19.43,50508200,19.43,19.925
9/12/12,20.76,21.16,20.28,20.93,121584000,20.93,20.735
9/13/12,20.96,21.48,20.61,20.71,65041600,20.71,21.48
9/14/12,21.13,22.08,20.9,22,72819800,22,21.325
9/17/12,22.67,22.75,21.5,21.52,50667600,21.52,22.27
9/18/12,21.6,21.98,21.37,21.87,36760500,21.87,22.445
9/19/12,21.99,23.37,21.77,23.29,78782800,23.29,22.29
9/20/12,23.02,23.24,22.54,22.59,57248900,22.59,22.94
9/21/12,22.97,23.24,22.6,22.86,51218100,22.86,21.88
9/24/12,21.78,21.98,20.36,20.79,79106500,20.79,21.03
9/25/12,21.2,21.21,20.22,20.28,46291700,20.28,20.91
9/26/12,20.15,20.78,19.8,20.62,38271900,20.62,20.235
9/27/12,20.99,21,20.16,20.32,30215900,20.32,21.325
9/28/12,20.57,21.95,20.5,21.66,65486000,21.66,21.28
10/1/12,22.08,22.59,21.73,21.99,51262700,21.99,22.175
10/2/12,22.08,22.49,21.82,22.27,29341400,22.27,21.955
10/3/12,22.3,22.49,21.8,21.83,32000100,21.83,22.125
10/4/12,22.32,22.4,21.41,21.95,46892100,21.95,21.615
10/5/12,21.49,21.63,20.88,20.91,40529300,20.91,20.945
10/8/12,20.4,20.75,20.16,20.4,32236700,20.4,20.315
10/9/12,20.39,20.55,19.97,20.23,27161800,20.23,20.015
10/10/12,19.93,19.94,19.45,19.64,39321800,19.64,19.84
10/11/12,19.88,19.96,19.61,19.75,21817300,19.75,19.7
10/12/12,19.75,19.8,19.48,19.52,18809400,19.52,19.635
10/15/12,19.68,19.88,19.49,19.52,20189700,19.52,19.58
10/16/12,19.68,19.69,19.3,19.48,21834700,19.48,19.78
10/17/12,19.5,20.48,19.37,19.88,44074500,19.88,19.24
10/18/12,19.7,19.79,18.89,18.98,52157400,18.98,19.35
10/19/12,19,19.06,18.8,19,34835000,19,19.16
10/22/12,19.2,19.43,19.05,19.32,32447300,19.32,19.35
10/23/12,19.25,19.8,19.1,19.5,78381200,19.5,21.24
10/24/12,24.13,24.25,22.85,23.23,228949900,23.23,23.345
10/25/12,23.29,23.31,22.47,22.56,76142000,22.56,22.615
10/26/12,22.4,22.88,21.88,21.94,73175800,21.94,21.755
10/31/12,20.82,21.5,20.73,21.11,99378200,21.11,21.015
11/1/12,21.08,21.44,21.01,21.21,37713900,21.21,21.13
11/2/12,21.26,21.69,21.07,21.18,38344400,21.18,21.255
11/5/12,21.1,21.48,20.92,21.25,31806700,21.25,21.135
11/6/12,21.24,21.37,20.99,21.17,29062700,21.17,20.855
11/7/12,20.85,20.95,20.37,20.47,33396800,20.47,20.42
11/8/12,20.52,20.73,19.98,19.99,34254600,19.99,19.865
11/9/12,19.96,20,19.13,19.21,42295500,19.21,20.015
11/12/12,19.15,20.17,18.87,20.07,67349200,20.07,19.505
11/13/12,19.61,20.11,19.56,19.86,71775100,19.86,20.985
11/14/12,20.1,22.5,19.93,22.36,229751000,22.36,21.135
11/15/12,22.34,22.5,21.65,22.17,78857700,22.17,22.95
11/16/12,22.25,23.93,22.18,23.56,107182200,23.56,22.585
11/19/12,23.96,24.12,22.82,22.92,85021300,22.92,23.53
11/20/12,22.73,23.9,22.7,23.1,46655300,23.1,23.525
11/21/12,23.22,24.53,23.05,24.32,89862400,24.32,23.61
11/23/12,24.58,24.68,23.88,24,29520900,24,25.26
11/26/12,24.94,26.09,24.81,25.94,123865000,25.94,25.545
11/27/12,26.04,26.5,25.46,26.15,85760600,26.15,26.2
11/28/12,25.94,26.49,25.75,26.36,49205600,26.36,26.63
11/29/12,26.5,27.52,26.16,27.32,88759700,27.32,27.25
11/30/12,27.26,28,26.76,28,127049600,28,27.15
12/3/12,28,28.88,26.98,27.04,123526100,27.04,27.73
12/4/12,27.06,27.76,26.68,27.46,72869200,27.46,27.385
12/5/12,27.75,27.9,27.26,27.71,58976300,27.71,27.36
12/6/12,27.68,27.75,26.82,26.97,46001500,26.97,27.585
12/7/12,27.07,27.78,26.84,27.49,51751900,27.49,27.455
12/10/12,27.17,28.17,27.1,27.84,50608500,27.84,27.575
12/11/12,28.07,28.24,27.66,27.98,77099100,27.98,27.825
12/12/12,28,28.14,27.37,27.58,46704200,27.58,28.12
12/13/12,27.59,28.75,27.43,28.24,81051600,28.24,27.2
12/14/12,28.18,28.33,26.76,26.81,91631600,26.81,27.465
12/17/12,26.77,27,26.32,26.75,57742500,26.75,27.24
12/18/12,26.96,27.91,26.9,27.71,60512900,27.71,27.185
12/19/12,27.83,28.22,26.95,27.41,61390300,27.41,27.595
12/20/12,27.49,27.6,27.13,27.36,35574800,27.36,26.875
12/21/12,26.66,27.01,26.12,26.26,54555200,26.26,26.795
12/24/12,26.5,26.96,26.2,26.93,28230100,26.93,26.505
12/26/12,27.03,27.18,26.38,26.51,33175400,26.51,26.54
12/27/12,26.55,26.8,25.52,26.05,43481700,26.05,26.23
12/28/12,25.48,26.11,25.15,25.91,56574800,25.91,26.05
12/31/12,26.2,26.99,26.11,26.62,60374500,26.62,27.1
1/2/13,27.44,28.18,27.42,28,69846400,28,27.605
1/3/13,27.88,28.47,27.59,27.77,63140600,27.77,28.32
1/4/13,28.01,28.93,27.83,28.76,72715400,28.76,28.715
1/7/13,28.69,29.79,28.65,29.42,83781800,29.42,28.875
1/8/13,29.51,29.6,28.86,29.06,45871300,29.06,30.05
1/9/13,29.67,30.6,29.49,30.59,104787700,30.59,30.485
1/10/13,30.6,31.45,30.28,31.3,95316400,31.3,31.16
1/11/13,31.28,31.96,31.1,31.72,89598000,31.72,31.115
1/14/13,32.08,32.21,30.62,30.95,98892800,30.95,31.09
1/15/13,30.64,31.71,29.88,30.1,173242600,30.1,30.245
1/16/13,30.21,30.35,29.53,29.85,75332700,29.85,30.175
1/17/13,30.08,30.42,30.03,30.14,40256700,30.14,29.87
1/18/13,30.31,30.44,29.27,29.66,49631500,29.66,30.52
1/22/13,29.75,30.89,29.74,30.73,55243300,30.73,30.285
1/23/13,31.1,31.5,30.8,30.82,48899800,30.82,31.09
1/24/13,31.27,31.49,30.81,31.08,43845100,31.08,31.405
1/25/13,31.41,31.93,31.13,31.54,54363600,31.54,31.94
1/28/13,31.88,32.51,31.81,32.47,59682500,32.47,31.335
1/29/13,32,32.07,30.71,30.79,72976500,30.79,31.62
1/30/13,30.98,31.49,30.88,31.24,87682100,31.24,30.98
1/31/13,29.15,31.47,28.74,30.98,190744900,30.98,29.44
2/1/13,31.01,31.02,29.63,29.73,85856700,29.73,29.56
2/4/13,29.06,29.2,28.01,28.11,92362200,28.11,28.85
2/5/13,28.26,28.96,28.04,28.64,47948200,28.64,28.655
2/6/13,28.74,29.29,28.66,29.05,38375900,29.05,28.695
2/7/13,29.11,29.15,28.27,28.65,34540100,28.65,28.83
2/8/13,28.89,29.17,28.51,28.55,37708800,28.55,28.575
2/11/13,28.61,28.68,28.04,28.26,37361800,28.26,27.99
2/12/13,27.67,28.16,27.1,27.37,93498700,27.37,27.79
2/13/13,27.36,28.32,27.31,27.91,50164000,27.91,27.93
2/14/13,28.02,28.63,28.01,28.5,35615800,28.5,28.17
2/15/13,28.52,28.75,28.09,28.32,33109300,28.32,28.725
2/19/13,28.23,29.08,28.12,28.93,49396400,28.93,28.345
2/20/13,28.92,29.05,28.33,28.46,42098200,28.46,28.1
2/21/13,28.28,28.55,27.15,27.28,49642300,27.28,27.705
2/22/13,27.62,27.63,26.82,27.13,36350200,27.13,27.445
2/25/13,27.16,27.64,27.15,27.27,34652000,27.27,27.275
2/26/13,27.36,27.46,26.7,27.39,31611700,27.39,27.115
2/27/13,27.34,27.34,26.63,26.87,44319700,26.87,27.295
2/28/13,26.84,27.3,26.34,27.25,83027800,27.25,27.31
3/1/13,27.05,28.12,26.81,27.78,54064800,27.78,27.385
3/4/13,27.76,28.06,27.44,27.72,32400700,27.72,27.64
3/5/13,27.88,28.18,27.21,27.52,40622200,27.52,27.665
3/6/13,28.1,28.13,27.35,27.45,33532600,27.45,28.34
3/7/13,27.57,28.68,27.47,28.58,74540200,28.58,27.765
3/8/13,28.43,28.47,27.73,27.96,44198900,27.96,28.285
3/11/13,28.01,28.64,27.83,28.14,35642100,28.14,27.92
3/12/13,28.1,28.32,27.6,27.83,27569600,27.83,27.59
3/13/13,27.62,27.65,26.92,27.08,39619500,27.08,27.33
3/14/13,27.1,27.43,26.83,27.04,27646400,27.04,26.875
3/15/13,27.03,27.06,26.56,26.65,31597400,26.65,26.76
3/18/13,26.37,26.79,25.78,26.49,26653700,26.49,26.46
3/19/13,26.53,26.9,26.21,26.55,25254200,26.55,26.195
3/20/13,26.68,26.69,25.78,25.86,44006500,25.86,26.21
3/21/13,25.66,26.11,25.56,25.74,24336100,25.74,25.695
3/22/13,25.8,26.01,25.63,25.73,18456300,25.73,25.465
3/25/13,25.75,25.8,25.08,25.13,39199000,25.13,25.48
3/26/13,25.08,25.48,25.03,25.21,26957200,25.21,25.585
3/27/13,25,26.28,24.72,26.09,52297400,26.09,25.29
3/28/13,26.09,26.17,25.52,25.58,28585700,25.58,25.81
4/1/13,25.63,25.89,25.28,25.53,22249300,25.53,25.525
4/2/13,25.77,26.12,25.3,25.42,35153300,25.42,26.01
4/3/13,25.83,26.39,25.7,26.25,48195200,26.25,26.45
4/4/13,26.62,27.23,26.11,27.07,82016800,27.07,27.005
4/5/13,26.86,27.8,26.61,27.39,64566600,27.39,26.855
4/8/13,27.19,27.2,26.63,26.85,27256000,26.85,26.89
4/9/13,26.58,26.89,26.42,26.59,21311100,26.59,27.075
4/10/13,27.01,27.84,26.9,27.57,45949400,27.57,27.515
4/11/13,27.48,28.1,27.25,28.02,33368500,28.02,27.44
4/12/13,28,28,27.24,27.4,28697400,27.4,27.26
4/15/13,27.16,27.48,26.36,26.52,30275400,26.52,27.04
4/16/13,26.81,27.11,26.4,26.92,27365900,26.92,26.72
4/17/13,26.65,27.2,26.39,26.63,26440600,26.63,26.17
4/18/13,26.82,26.82,25.15,25.69,39059000,25.69,26.275
4/19/13,25.62,25.96,25.33,25.73,20380900,25.73,25.795
4/22/13,25.81,26.36,25.7,25.97,25687600,25.97,25.895
4/23/13,26.22,26.33,25.77,25.98,25191500,25.98,26.165
4/24/13,25.93,26.4,25.8,26.11,19729900,26.11,26.035
4/25/13,26.07,26.4,26,26.14,17150000,26.14,26.46
4/26/13,26.6,27.62,26.6,26.85,33018000,26.85,26.79
4/29/13,27.16,27.41,26.86,26.98,29201100,26.98,27.465
4/30/13,27.13,27.85,27.01,27.77,36245700,27.77,27.28
5/1/13,27.85,27.92,27.31,27.43,64567600,27.43,28.41
5/2/13,28.01,29.02,27.98,28.97,104257000,28.97,28.16
5/3/13,29.04,29.07,28.15,28.31,58506400,28.31,28.305
5/6/13,28.33,28.46,27.48,27.57,43939400,27.57,27.61
5/7/13,27.55,27.85,26.85,26.89,41259100,26.89,27.335
5/8/13,26.88,27.3,26.65,27.12,34654900,27.12,26.96
5/9/13,27.08,27.55,26.85,27.04,33457200,27.04,26.88
5/10/13,27.14,27.3,26.57,26.68,30847100,26.68,26.98
5/13/13,26.6,27.33,26.53,26.82,29068800,26.82,26.835
5/14/13,26.89,27.28,26.82,27.07,24930300,27.07,26.745
5/15/13,26.92,26.99,26.4,26.6,30299800,26.6,26.525
5/16/13,26.48,26.55,25.9,26.13,35499100,26.13,26.365
5/17/13,26.4,26.6,26.2,26.25,29462700,26.25,26.08
5/20/13,26.18,26.19,25.69,25.76,42402900,25.76,25.92
5/21/13,25.87,26.08,25.59,25.66,26261300,25.66,25.515
5/22/13,25.65,25.85,24.92,25.16,45314500,25.16,25.355
5/23/13,24.8,25.53,24.77,25.06,37663100,25.06,24.555
5/24/13,24.97,24.97,24.08,24.31,58727900,24.31,24.535
5/28/13,24.54,24.54,23.92,24.1,50079700,24.1,23.93
5/29/13,23.79,23.81,23.26,23.32,64237800,23.32,24.17
5/30/13,24.13,24.78,23.93,24.55,60733200,24.55,24.24
5/31/13,24.63,24.95,24.27,24.35,35925000,24.35,24.24
6/3/13,24.27,24.32,23.71,23.85,35733800,23.85,23.895
6/4/13,23.89,23.93,23.32,23.52,34760800,23.52,23.395
6/5/13,23.35,23.71,22.79,22.9,53819700,22.9,23.16
6/6/13,22.99,23.09,22.67,22.97,31260700,22.97,23.14
6/7/13,23.03,23.4,22.86,23.29,38699200,23.29,23.68
6/10/13,24.06,24.6,23.99,24.33,58393000,24.33,24.045
6/11/13,24.03,24.35,24,24.03,29885900,24.03,23.9
6/12/13,24.16,24.26,23.58,23.77,26445800,23.77,23.945
6/13/13,23.72,23.83,23.27,23.73,31189300,23.73,23.675
6/14/13,23.56,23.89,23.26,23.63,30677100,23.63,23.79
6/17/13,23.91,24.25,23.75,24.02,33664500,24.02,24.06
6/18/13,24.09,24.69,24.08,24.21,36709100,24.21,24.2
6/19/13,24.2,25.19,24.1,24.31,31790600,24.31,24.05
6/20/13,24.28,24.75,23.65,23.9,42765600,23.9,24.405
6/21/13,24.59,24.7,24.05,24.53,45833900,24.53,24.265
6/24/13,23.95,24.11,23.38,23.94,40626000,23.94,24.1
6/25/13,24.14,24.43,24.04,24.25,24713200,24.25,24.15
6/26/13,24.51,24.65,23.99,24.16,29890300,24.16,24.585
6/27/13,24.24,24.84,24.21,24.66,34694100,24.66,24.56
6/28/13,24.68,24.98,24.42,24.88,96778900,24.88,24.745
7/1/13,24.97,25.06,24.62,24.81,20582200,24.81,24.69
7/2/13,24.7,24.77,24.3,24.41,18394100,24.41,24.61
7/3/13,24.22,24.71,24.15,24.52,10404400,24.52,24.295
7/5/13,24.65,24.66,24.2,24.37,20229500,24.37,24.68
7/8/13,24.47,25.04,24.42,24.71,27064600,24.71,24.975
7/9/13,25.07,25.49,25.03,25.48,30387900,25.48,25.435
7/10/13,25.58,25.83,25.47,25.8,26721800,25.8,25.695
7/11/13,25.96,26,25.45,25.81,26777400,25.81,25.935
7/12/13,25.74,25.93,25.55,25.91,16537900,25.91,26.01
7/15/13,25.93,26.43,25.65,26.28,24234000,26.28,26.125
7/16/13,26.39,26.75,26.01,26.32,30817600,26.32,26.52
7/17/13,26.37,26.78,26.3,26.65,21518500,26.65,26.275
7/18/13,26.75,26.77,26.12,26.18,24806900,26.18,26.315
7/19/13,25.82,26.11,25.6,25.88,46539700,25.88,25.935
7/22/13,25.99,26.13,25.72,26.05,27526300,26.05,26.06
7/23/13,26.1,26.3,25.97,26.13,28221600,26.13,26.305
7/24/13,26.32,26.53,26.05,26.51,82635600,26.51,30.34
7/25/13,33.54,34.88,32.75,34.36,365457900,34.36,33.775
7/26/13,33.77,34.73,33.56,34.01,136028900,34.01,34.6
7/29/13,34.07,35.63,34.01,35.43,124718800,35.43,35.85
7/30/13,35.65,37.96,35.32,37.63,173582800,37.63,36.225
7/31/13,37.96,38.31,36.33,36.8,154828700,36.8,37.725
8/1/13,37.3,38.29,36.92,37.49,106066500,37.49,37.675
8/2/13,37.66,38.49,37.5,38.05,73058500,38.05,38.425
8/5/13,38.43,39.32,38.25,39.19,79994800,39.19,38.49
8/6/13,39.11,39.25,37.94,38.55,63950800,38.55,38.99
8/7/13,38.61,38.94,37.7,38.87,68854800,38.87,38.575
8/8/13,39.13,39.19,38.43,38.54,41301000,38.54,38.815
8/9/13,38.59,38.74,38.01,38.5,43532300,38.5,38.405
8/12/13,38.2,38.5,38.1,38.22,31161000,38.22,37.61
8/13/13,38.24,38.32,36.77,37.02,65379200,37.02,37.445
8/14/13,36.83,37.55,36.62,36.65,48423900,36.65,36.695
8/15/13,36.36,37.07,36.02,36.56,56521100,36.56,36.72
8/16/13,36.97,37.49,36.9,37.08,45840800,37.08,37.39
8/19/13,37.43,38.28,37.14,37.81,57609600,37.81,37.92
8/20/13,38.35,38.58,37.69,38.41,57995200,38.41,38.335
8/21/13,38.38,38.85,38.15,38.32,46116900,38.32,38.465
8/22/13,38.37,38.75,38.34,38.55,21931200,38.55,39.46
8/23/13,39,40.63,38.93,40.55,86442300,40.55,40.17
8/26/13,40.9,41.94,40.62,41.34,94162400,41.34,40.27
8/27/13,40.68,41.2,39.42,39.64,72695100,39.64,40.615
8/28/13,39.96,40.85,39.88,40.55,57918200,40.55,40.62
8/29/13,40.89,41.78,40.8,41.28,58303400,41.28,41.09
8/30/13,42.02,42.26,41.06,41.29,67735100,41.29,41.945
9/3/13,41.84,42.16,41.51,41.87,48774900,41.87,41.81
9/4/13,42.01,42.17,41.44,41.78,42581900,41.78,42.335
9/5/13,41.79,42.77,41.77,42.66,50035400,42.66,42.87
9/6/13,43.09,44.61,42.4,43.95,117535700,43.95,43.565
9/9/13,44.36,44.79,43.7,44.04,75794700,44.04,43.98
9/10/13,44.24,44.26,43.23,43.6,54540300,43.6,44.64
9/11/13,43.39,45.09,43.11,45.04,72328300,45.04,44.07
9/12/13,45.53,45.62,44.65,44.75,68072300,44.75,44.92
9/13/13,45.04,45.08,43.93,44.31,52765300,44.31,43.775
9/16/13,44.85,44.94,42.43,42.51,70424200,42.51,44.96
9/17/13,42.5,45.44,42.43,45.07,91934600,45.07,43.865
9/18/13,44.84,45.47,44.4,45.23,79317000,45.23,45.41
9/19/13,45.51,46.05,45.23,45.98,63972400,45.98,46.5
9/20/13,46.32,47.6,45.74,47.49,115508400,47.49,46.755
9/23/13,47.28,47.55,46.29,47.19,75177000,47.19,47.865
9/24/13,48.51,49.66,48.16,48.45,136716100,48.45,48.985
9/25/13,49.23,49.54,48.46,49.46,87879700,49.46,49.81
9/26/13,50.01,50.6,49.5,50.39,98220100,50.39,50.625
9/27/13,50.29,51.28,49.86,51.24,81410500,51.24,50.26
9/30/13,50.14,51.6,49.8,50.23,100095000,50.23,50.28
10/1/13,49.97,51.03,49.45,50.42,98114000,50.42,50.125
10/2/13,50.13,51.1,49.95,50.28,62834000,50.28,49.655
10/3/13,50.47,50.72,49.06,49.18,82045000,49.18,50.755
10/4/13,49.77,51.16,49.57,51.04,74447000,51.04,50.145
10/7/13,50.73,51.29,50.4,50.52,57204000,50.52,48.935
10/8/13,50.6,50.6,47.08,47.14,136081000,47.14,48.685
10/9/13,47.38,47.84,45.26,46.77,147297000,46.77,48.215
10/10/13,47.87,49.68,47.83,49.05,99774000,49.05,48.49
10/11/13,49.18,49.87,48.79,49.11,58428000,49.11,49.345
10/14/13,48.31,49.63,47.91,49.51,68781000,49.51,48.905
10/15/13,49.99,51,49.18,49.5,81167000,49.5,50.565
10/16/13,50.04,51.24,49.9,51.14,64678000,51.14,51.125
10/17/13,51.12,52.22,50.95,52.21,71522000,52.21,52.67
10/18/13,54.18,54.83,53.6,54.22,88260000,54.22,54.015
10/21/13,54.68,54.81,53.51,53.85,58235000,53.85,53.68
10/22/13,54.33,54.76,52.2,52.68,83204000,52.68,53.115
10/23/13,51.75,52.25,51.13,51.9,57207000,51.9,52.1
10/24/13,52.38,52.84,51.59,52.45,46775000,52.45,52.165
10/25/13,53.18,53.24,51.88,51.95,45085000,51.95,51.705
10/28/13,51.54,51.7,49.61,50.23,73472000,50.23,50.47
10/29/13,50.73,50.79,49.25,49.4,102143000,49.4,49.87
10/30/13,50,50.21,48.75,49.01,127073000,49.01,50.105
10/31/13,47.16,52,46.5,50.21,248809000,50.21,48.455
11/1/13,50.85,52.09,49.72,49.75,95033000,49.75,49.535
11/4/13,49.37,49.75,48.02,48.22,80371000,48.22,49.74
11/5/13,47.79,50.18,47.51,50.11,76835000,50.11,48.455
11/6/13,50.26,50.45,48.71,49.12,67889000,49.12,48.91
11/7/13,49.24,49.87,47.3,47.56,97128000,47.56,48.385
11/8/13,47.81,48.65,47.25,47.53,70731000,47.53,47.005
11/11/13,47.04,47.53,45.73,46.2,80910000,46.2,46.825
11/12/13,46,47.37,45.83,46.61,68196000,46.61,47.355
11/13/13,46.23,48.74,46.06,48.71,79245000,48.71,47.61
11/14/13,48.7,49.57,48.03,48.99,75117000,48.99,48.855
11/15/13,49.11,49.48,48.71,49.01,42453000,49.01,47.47
11/18/13,48.47,48.84,45.8,45.83,85910000,45.83,47.415
11/19/13,46.26,47,45.72,46.36,75602000,46.36,46.345
11/20/13,46.61,47.55,46.31,46.43,53933000,46.43,46.655
11/21/13,46.99,47.46,46.69,46.7,34886000,46.7,46.61
11/22/13,47.04,47.27,45.96,46.23,40545000,46.23,45.93
11/25/13,46.36,46.65,44.04,44.82,82565000,44.82,46.125
11/26/13,44.66,46.17,43.55,45.89,82016000,45.89,45.575
11/27/13,45.97,46.67,45.53,46.49,44993000,46.49,46.49
11/29/13,46.75,47.21,46.5,47.01,22953900,47.01,46.905
12/2/13,46.9,47.54,46.26,47.06,50774000,47.06,46.815
12/3/13,46.75,47.2,46.29,46.73,32086000,46.73,47.685
12/4/13,46.46,48.77,46.26,48.62,60890000,48.62,47.4
12/5/13,48.15,48.7,47.87,48.34,43855000,48.34,48.045
12/6/13,48.98,49.39,47.71,47.94,42938000,47.94,48.91
12/9/13,48.09,48.97,47.74,48.84,36056000,48.84,49.17
12/10/13,48.64,50.77,48.54,50.25,68479000,50.25,49.01
12/11/13,50.55,50.77,49.01,49.38,65776000,49.38,51.19
12/12/13,51.05,52.07,50.66,51.83,92723000,51.83,52.185
12/13/13,51.66,53.5,51.34,53.32,82641000,53.32,52.735
12/16/13,53.25,54.5,52.91,53.81,85119000,53.81,54.055
12/17/13,54.76,55.18,54.24,54.86,78751000,54.86,55.165
12/18/13,54.86,55.89,53.75,55.57,76003000,55.57,54.955
12/19/13,54.33,55.19,53.95,55.05,89753200,55.05,54.725
12/20/13,54.93,55.15,54.23,55.12,239824000,55.12,56.35
12/23/13,55.5,58.32,55.45,57.77,98297000,57.77,56.73
12/24/13,58.27,58.58,56.91,57.96,46617800,57.96,58
12/26/13,58.32,58.38,57.37,57.73,55101000,57.73,56.88
12/27/13,57.48,57.68,55.25,55.44,60466000,55.44,55.595
12/30/13,54.93,55.18,53.43,53.71,68307000,53.71,54.79
12/31/13,54.12,54.86,53.91,54.65,43076200,54.65,54.415
1/2/14,54.83,55.22,54.19,54.71,43195500,54.71,54.695
1/3/14,55.02,55.65,54.53,54.56,38246200,54.56,56.11
1/6/14,54.42,57.26,54.05,57.2,68852600,57.2,56.17
1/7/14,57.7,58.55,57.22,57.92,77207400,57.92,57.965
1/8/14,57.6,58.41,57.23,58.23,56682400,58.23,57.41
1/9/14,58.65,58.96,56.65,57.22,92253300,57.22,58.295
1/10/14,57.13,58.3,57.06,57.94,42449500,57.94,56.52
1/13/14,57.91,58.25,55.38,55.91,63010900,55.91,57.825
1/14/14,56.46,57.78,56.1,57.74,37503600,57.74,57.03
1/15/14,57.98,58.57,57.27,57.6,33663400,57.6,57.585
1/16/14,57.26,58.02,56.83,57.19,34541800,57.19,56.78
1/17/14,57.3,57.82,56.07,56.3,40849200,56.3,57.905
1/21/14,56.6,58.58,56.5,58.51,48669200,58.51,57.055
1/22/14,58.85,59.31,57.1,57.51,61352900,57.51,57.74
1/23/14,56.37,56.68,55.69,56.63,47951800,56.63,55.41
1/24/14,56.15,56.42,54.4,54.45,55200700,54.45,54.85
1/27/14,54.73,54.94,51.85,53.55,73924100,53.55,54.935
1/28/14,54.02,55.28,54,55.14,48191200,55.14,53.775
1/29/14,54.61,54.95,53.19,53.53,92995600,53.53,57.845
1/30/14,62.12,62.5,60.46,61.08,150178900,61.08,62.345
1/31/14,60.47,63.37,60.17,62.57,87794600,62.57,60.975
2/3/14,63.03,63.77,60.7,61.48,74866600,61.48,62.89
2/4/14,62.05,63.14,61.82,62.75,45985500,62.75,62.12
2/5/14,62.74,63.16,61.27,62.19,51685100,62.19,62.45
2/6/14,61.46,62.78,61.46,62.16,42086500,62.16,62.89
2/7/14,62.27,64.57,62.22,64.32,60704300,64.32,62.91
2/10/14,64.3,64.49,63.47,63.55,43666100,63.55,64.575
2/11/14,63.75,65,63.35,64.85,45675600,64.85,64.1
2/12/14,64.92,65.06,64.05,64.45,47282100,64.45,66.125
2/13/14,64.18,67.33,64.05,67.33,61911700,67.33,65.635
2/14/14,67.5,67.58,66.72,67.09,36694900,67.09,67.4
2/18/14,66.94,67.54,66.07,67.3,43809900,67.3,67.5
2/19/14,67.05,69.08,67,68.06,62087100,68.06,68.34
2/20/14,67.73,70.11,65.73,69.63,130928900,69.63,68.16
2/21/14,69.69,69.96,68.45,68.59,70932400,68.59,70.235
2/24/14,68.74,71.44,68.54,70.78,76620300,70.78,69.295
2/25/14,70.95,71,69.45,69.85,52077000,69.85,70.105
2/26/14,70.19,71.22,68.85,69.26,55322700,69.26,69.565
2/27/14,69.34,70.01,68.87,68.94,41653700,68.94,68.9
2/28/14,69.47,69.88,67.38,68.46,66783700,68.46,68.44
3/3/14,66.96,68.05,66.51,67.41,56824100,67.41,67.88
3/4/14,68.66,68.9,67.62,68.8,42013500,68.8,70.115
3/5/14,69.69,71.97,69.62,71.57,74567700,71.57,70.265
3/6/14,71.88,71.89,70.25,70.84,46026500,70.84,70.84
3/7/14,71.08,71.18,69.47,69.8,38927000,69.8,71.555
3/10/14,70.77,72.15,70.51,72.03,59871600,72.03,70.435
3/11/14,72.5,72.59,69.96,70.1,59408300,70.1,71.69
3/12/14,69.86,71.35,69,70.88,46340500,70.88,69.345
3/13/14,71.29,71.35,68.15,68.83,57091000,68.83,69.505
3/14/14,68.49,69.43,67.46,67.72,48227000,67.72,68.615
3/17/14,68.18,68.95,66.62,68.74,52197000,68.74,68.685
3/18/14,68.76,69.6,68.3,69.19,40827000,69.19,68.5
3/19/14,69.17,69.29,67.47,68.24,43981000,68.24,68.07
3/20/14,68.01,68.23,66.82,66.97,44439000,66.97,67.625
3/21/14,67.53,67.92,66.18,67.24,59999900,67.24,65.815
3/24/14,67.19,67.36,63.36,64.1,85696000,64.1,66.04
3/25/14,64.89,66.19,63.78,64.89,68786000,64.89,62.64
3/26/14,64.74,64.95,60.37,60.39,97503900,60.39,62.855
3/27/14,60.51,61.9,57.98,60.97,112650000,60.97,60.26
3/28/14,61.34,61.95,59.34,60.01,67052000,60.01,60.79
3/31/14,60.78,61.52,59.87,60.24,53011000,60.24,61.7
4/1/14,60.46,62.66,60.24,62.62,59291000,62.62,61.59
4/2/14,63.21,63.91,62.21,62.72,66277000,62.72,61.35
4/3/14,62.55,63.17,59.13,59.49,83859000,59.49,59.65
4/4/14,59.94,60.2,56.32,56.75,125214400,56.75,58.445
4/7/14,55.9,58,55.44,56.95,108488000,56.95,57.045
4/8/14,57.68,58.71,57.17,58.19,78836000,58.19,60.045
4/9/14,59.63,62.46,59.19,62.41,100215000,62.41,59.395
4/10/14,63.08,63.18,58.68,59.16,114988000,59.16,60.805
4/11/14,57.6,60.31,57.31,58.53,91452000,58.53,58.245
4/14/14,60.09,60.45,57.78,58.89,72325000,58.89,59.59
4/15/14,59.29,59.68,55.88,59.09,108623000,59.09,59.505
4/16/14,59.79,60.19,57.74,59.72,78774000,59.72,59.365
4/17/14,59.3,60.58,58.72,58.94,88040000,58.94,60.27
4/21/14,59.46,61.24,59.15,61.24,60364000,61.24,61.245
4/22/14,62.65,63.44,62.22,63.03,60631000,63.03,62.005
4/23/14,63.45,63.48,61.26,61.36,96565000,61.36,62.16
4/24/14,63.6,63.65,59.77,60.87,138769000,60.87,60.655
4/25/14,59.97,60.01,57.57,57.71,92502000,57.71,58.055
4/28/14,58.05,58.31,54.66,56.14,107758000,56.14,58.1
4/29/14,56.09,58.28,55.84,58.15,75557000,58.15,57.935
4/30/14,57.58,59.85,57.16,59.78,76093000,59.78,59.365
5/1/14,60.43,62.28,60.21,61.15,82429000,61.15,60.445
5/2/14,61.3,61.89,60.18,60.46,54189000,60.46,61.26
5/5/14,59.67,61.35,59.18,61.22,46057000,61.22,59.1
5/6/14,60.98,61.15,58.49,58.53,55901000,58.53,59.185
5/7/14,58.77,59.3,56.26,57.39,78587000,57.39,57.765
5/8/14,57.23,58.82,56.5,56.76,61251000,56.76,57.235
5/9/14,56.85,57.65,56.38,57.24,52584000,57.24,58.34
5/12/14,57.98,59.9,57.98,59.83,48575000,59.83,58.905
5/13/14,59.66,60.89,59.51,59.83,48525000,59.83,59.445
5/14/14,59.53,60.45,58.95,59.23,47429000,59.23,58.725
5/15/14,59.26,59.38,57.52,57.92,56814000,57.92,58.64
5/16/14,58.31,58.45,57.31,58.02,47933000,58.02,58.76
5/19/14,57.89,59.56,57.57,59.21,43034000,59.21,58.225
5/20/14,59.5,60.19,58.18,58.56,53931000,58.56,59.995
5/21/14,58.56,60.5,58.25,60.49,58992000,60.49,59.54
5/22/14,60.94,61.48,60.4,60.52,54200000,60.52,61.145
5/23/14,60.41,61.45,60.15,61.35,38294000,61.35,61.945
5/27/14,61.62,63.51,61.57,63.48,55682000,63.48,62.565
5/28/14,63.39,64.14,62.62,63.51,47795000,63.51,63.61
5/29/14,63.84,64.3,63.51,63.83,42700000,63.83,63.57
5/30/14,63.95,64.17,62.56,63.3,45253500,63.3,63.515
6/2/14,63.23,63.59,62.05,63.08,35947400,63.08,63.05
6/3/14,62.62,63.42,62.32,62.87,32217000,62.87,62.98
6/4/14,62.45,63.59,62.07,63.34,36514000,63.34,62.82
6/5/14,63.66,64.36,62.82,63.19,47352000,63.19,63.08
6/6/14,63.37,63.48,62.15,62.5,42442000,62.5,63.125
6/9/14,62.4,63.34,61.79,62.88,37617000,62.88,64.085
6/10/14,63.53,65.82,63.5,65.77,69206900,65.77,64.655
6/11/14,65.32,65.8,64.9,65.78,44242000,65.78,64.805
6/12/14,65.85,66.47,64.06,64.29,55730000,64.29,65.175
6/13/14,64.7,64.97,63.83,64.5,29419000,64.5,64.445
6/16/14,64.16,64.88,63.75,64.19,31046000,64.19,64.28
6/17/14,64.1,64.88,63.93,64.4,27715000,64.4,64.85
6/18/14,64.49,65.75,64.05,65.6,35570000,65.6,64.415
6/19/14,65.46,65.58,64.21,64.34,34245000,64.34,64.98
6/20/14,64.46,64.81,63.35,64.5,46466000,64.5,64.915
6/23/14,64.32,65.66,64.22,65.37,34560000,65.37,65.02
6/24/14,65.36,67.17,65.27,65.72,57335000,65.72,66.4
6/25/14,65.58,67.48,65.57,67.44,44308000,67.44,66.355
6/26/14,68,68,66.9,67.13,47714000,67.13,67.8
6/27/14,67.31,67.7,66.84,67.6,46461000,67.6,67.3
6/30/14,67.46,67.92,67.13,67.29,27202000,67.29,67.76
7/1/14,67.58,68.44,67.39,68.06,33243000,68.06,67.015
7/2/14,68.04,68.3,65.79,66.45,41895000,66.45,67.165
7/3/14,66.86,67,65.76,66.29,25203200,66.29,66.075
7/7/14,66.3,66.57,65.12,65.29,28745000,65.29,64.53
7/8/14,65.06,65.56,62.21,62.76,68926000,62.76,65.015
7/9/14,63.41,65.12,63.15,64.97,51432000,64.97,64.14
7/10/14,63.31,65.34,63.05,64.87,44422000,64.87,64.825
7/11/14,65.28,66.59,64.79,66.34,39212000,66.34,66.59
7/14/14,67.13,68.17,66.9,67.9,38537000,67.9,67.15
7/15/14,67.96,68.09,66.26,67.17,44213200,67.17,67.81
7/16/14,67.54,67.94,67.07,67.66,29594000,67.66,66.975
7/17/14,67.03,67.85,66.04,66.41,38188000,66.41,67.725
7/18/14,66.8,68.46,66.16,68.42,42456000,68.42,68.1
7/21/14,68.81,69.96,68.5,69.4,49539000,69.4,69.04
7/22/14,69.76,69.77,68.61,69.27,40398000,69.27,70.525
7/23/14,69.74,71.33,69.61,71.29,78435000,71.29,72.36
7/24/14,75.96,76.74,74.51,74.98,124168000,74.98,75.575
7/25/14,74.99,75.67,74.66,75.19,45917000,75.19,74.955
7/28/14,75.17,75.5,73.85,74.92,41725000,74.92,74.44
7/29/14,74.72,74.92,73.42,73.71,41324000,73.71,74.7
7/30/14,74.21,75.19,74.13,74.68,36853000,74.68,73.43
7/31/14,74,74.17,72.44,72.65,43992000,72.65,73.18
8/1/14,72.22,73.22,71.55,72.36,43535000,72.36,72.865
8/4/14,72.36,73.88,72.36,73.51,30777000,73.51,72.525
8/5/14,73.2,73.59,72.18,72.69,34986000,72.69,72.835
8/6/14,72.02,73.72,71.79,72.47,30986000,72.47,72.595
8/7/14,73,74,72.7,73.17,38141000,73.17,73.03
8/8/14,73.4,73.43,72.56,73.06,27202000,73.06,73.42
8/11/14,73.46,73.91,73.06,73.44,24591000,73.44,73.145
8/12/14,73.09,73.33,72.22,72.83,27419000,72.83,73.43
8/13/14,73.12,74.25,73.05,73.77,29266000,73.77,73.71
8/14/14,73.97,74.38,73.69,74.3,22207000,74.3,73.8
8/15/14,74.32,74.65,73,73.63,38846600,73.63,74.455
8/18/14,74,74.72,73.96,74.59,23974000,74.59,74.645
8/19/14,74.81,75.58,74.51,75.29,26679000,75.29,74.81
8/20/14,74.97,75.18,74.62,74.81,22917000,74.81,74.77
8/21/14,74.92,75.19,74.41,74.57,20102000,74.57,74.745
8/22/14,74.34,74.73,73.57,74.57,20897000,74.57,74.68
8/25/14,74.94,75.28,74.79,75.02,19734000,75.02,75.45
8/26/14,75,75.99,74.73,75.96,23993000,75.96,74.815
8/27/14,75.27,75.49,74.46,74.63,36323000,74.63,74.565
8/28/14,74,74.43,73.73,73.86,21947000,73.86,74.41
8/29/14,74.3,74.82,74.01,74.82,26241000,74.82,75.49
9/2/14,75.01,76.7,74.82,76.68,34979000,76.68,75.42
9/3/14,77.14,77.48,75.6,75.83,32389000,75.83,76.545
9/4/14,75.89,76.93,75.53,75.95,26676000,75.95,76.575
9/5/14,76.1,77.38,75.6,77.26,29476000,77.26,76.995
9/8/14,77.26,78.17,77.01,77.89,28183000,77.89,76.965
9/9/14,77.59,78.17,76.2,76.67,28882000,76.67,77.51
9/10/14,76.52,77.95,76.51,77.43,29909000,77.43,77.22
9/11/14,77.13,78.36,77.05,77.92,32219000,77.92,77.305
9/12/14,78.02,78.3,77.1,77.48,26744000,77.48,76.3
9/15/14,77.15,77.25,73.43,74.58,49679000,74.58,76.615
9/16/14,73.52,76.23,73.07,76.08,37742000,76.08,74.975
9/17/14,75.96,77.25,75.57,76.43,28693000,76.43,76.48
9/18/14,76.77,77.33,76.52,77,23031000,77,77.34
9/19/14,77.4,78.3,76.44,77.91,76671000,77.91,77.1
9/22/14,77,77.53,75.95,76.8,31961000,76.8,77.645
9/23/14,76.33,78.63,76.04,78.29,36814000,78.29,77.435
9/24/14,78.1,78.62,77.51,78.54,30680000,78.54,77.66
9/25/14,78.6,78.94,77.13,77.22,37533000,77.22,78.695
9/26/14,77.59,78.84,77.33,78.79,28872000,78.79,78.295
9/29/14,78.12,79.2,77.91,79,34031000,79,78.58
9/30/14,79.35,79.71,78.6,79.04,35899000,79.04,77.95
10/1/14,78.78,78.82,75.9,76.55,55090000,76.55,77.93
10/2/14,76.57,77.48,75.64,77.08,36488000,77.08,77.005
10/3/14,77.76,78.06,77.26,77.44,23340000,77.44,77.66
10/6/14,77.19,77.89,76.85,77.56,25729000,77.56,76.74
10/7/14,77.05,77.95,76.24,76.29,25317000,76.29,77.285
10/8/14,76.18,77.71,75.1,77.52,32976000,77.52,76.045
10/9/14,77.28,77.76,75.85,75.91,32487000,75.91,75.095
10/10/14,75.59,76.5,72.76,72.91,52146000,72.91,74.29
10/13/14,73.23,74.78,72.52,72.99,43938000,72.99,73.41
10/14/14,74,74.18,72.05,73.59,50299000,73.59,73.605
10/15/14,71.69,73.8,70.32,73.21,61528000,73.21,72.16
10/16/14,70.79,73.35,70.58,72.63,53529000,72.63,73.37
10/17/14,74.23,76,73.75,75.95,76342000,75.95,75.59
10/20/14,75.6,77.09,75.38,76.95,34701000,76.95,77.145
10/21/14,77.56,78.74,77.15,78.69,32252000,78.69,77.965
10/22/14,78.82,79.85,78.01,78.37,41808900,78.37,79.43
10/23/14,79.38,80.63,79.01,80.04,35056000,80.04,80.025
10/24/14,80.2,80.82,79.32,80.67,32248000,80.67,80.24
10/27/14,80.74,80.8,79.76,80.28,30169000,80.28,80.755
10/28/14,80.18,81.16,79.57,80.77,71343100,80.77,78.02
10/29/14,75.45,76.88,74.78,75.86,106120000,75.86,74.78
10/30/14,75.05,75.35,72.9,74.11,83270000,74.11,75.02
10/31/14,74.93,75.7,74.45,74.99,44544000,74.99,74.405
11/3/14,75.47,75.52,73.7,73.88,40727000,73.88,75.615
11/4/14,74.23,75.77,73.65,75.76,39326000,75.76,74.53
11/5/14,76.51,76.8,74.42,74.83,35913000,74.83,75.885
11/6/14,74.89,75.6,74.31,75.26,21383000,75.26,75.245
11/7/14,75.39,75.86,75.02,75.6,20774000,75.6,75.195
11/10/14,75.36,75.48,74.61,75,21575100,75,74.985
11/11/14,74.95,74.98,74.03,74.61,18715700,74.61,74.835
11/12/14,74.28,75.14,73.54,74.72,26536600,74.72,74.265
11/13/14,74.74,75.24,73.64,74.25,26448500,74.25,74.81
11/14/14,74.27,74.93,74.04,74.88,19476900,74.88,74.255
11/17/14,74.88,75.66,73.88,74.24,28701200,74.24,74.61
11/18/14,74.45,74.8,73.9,74.34,20690500,74.34,73.89
11/19/14,74.01,74.54,73.11,73.33,25441200,73.33,73.805
11/20/14,72.8,73.99,72.51,73.6,19154900,73.6,73.275
11/21/14,74.5,74.5,73.5,73.75,23055400,73.75,74.255
11/24/14,73.54,74.35,73.35,74.01,22103800,74.01,74.585
11/25/14,74.21,75.74,74.13,75.63,32250200,75.63,75.915
11/26/14,75.53,77.78,75.51,77.62,32695300,77.62,76.615
11/28/14,77.67,78.27,77.23,77.7,15992000,77.7,76.385
12/1/14,77.26,77.31,74.8,75.1,31789900,75.1,76.36
12/2/14,75.33,75.91,75.04,75.46,16724600,75.46,75.105
12/3/14,75.38,75.73,74.4,74.88,16689900,74.88,75.31
12/4/14,74.83,75.55,74.66,75.24,14362800,75.24,75.595
12/5/14,75.8,76.76,75.36,76.36,24306400,76.36,76.16
12/8/14,76.18,77.25,75.4,76.52,25733900,76.52,76.51
12/9/14,75.2,76.93,74.78,76.84,25358600,76.84,75.69
12/10/14,76.65,77.55,76.07,76.18,32210500,76.18,77.19
12/11/14,76.52,78.52,76.48,77.73,33462100,77.73,77.175
12/12/14,77.16,78.88,77.02,77.83,28091600,77.83,77.075
12/15/14,78.46,78.58,76.56,76.99,29396500,76.99,76.575
12/16/14,76.19,77.39,74.59,74.69,31554600,74.69,76.15
12/17/14,75.01,76.41,74.9,76.11,29203900,76.11,76.705
12/18/14,76.89,78.4,76.51,78.4,34222100,78.4,78.385
12/19/14,78.75,80,78.33,79.88,43335000,79.88,80.1
12/22/14,80.08,81.89,80,81.45,31395800,81.45,80.345
12/23/14,82.02,82.17,80.4,80.61,19865800,80.61,81.395
12/24/14,81.03,81.43,80.75,80.77,7685500,80.77,80.905
12/26/14,81.02,81.28,80.51,80.78,10647400,80.78,80.52
12/29/14,80.49,80.96,79.71,80.02,14134700,80.02,79.855
12/30/14,79.85,80.59,79.1,79.22,14370800,79.22,78.935
12/31/14,79.54,79.8,77.86,78.02,20040400,78.02,78.995
1/2/15,78.58,78.93,77.7,78.45,18177500,78.45,77.885
1/5/15,77.98,79.25,76.86,77.19,26452200,77.19,77.065
1/6/15,77.23,77.59,75.36,76.15,27399300,76.15,76.69
1/7/15,76.76,77.36,75.82,76.15,22045300,76.15,77.47
1/8/15,76.74,78.23,76.08,78.18,23961000,78.18,77.24
1/9/15,78.2,78.62,77.2,77.74,21157000,77.74,77.46
1/12/15,77.84,78,76.21,76.72,19190200,76.72,77.145
1/13/15,77.23,78.08,75.85,76.45,25179600,76.45,76.755
1/14/15,76.42,77.2,76.03,76.28,25918600,76.28,75.235
1/15/15,76.4,76.57,73.54,74.05,34134000,74.05,75.79
1/16/15,74.04,75.32,73.84,75.18,21791500,75.18,75.14
1/20/15,75.72,76.31,74.82,76.24,22821600,76.24,76.23
1/21/15,76.16,77.3,75.85,76.74,25096700,76.74,76.905
1/22/15,77.17,77.75,76.68,77.65,19519500,77.65,77.5
1/23/15,77.65,78.19,77.04,77.83,16746500,77.83,77.575
1/26/15,77.98,78.47,77.29,77.5,19260800,77.5,76.88
1/27/15,76.71,76.88,75.63,75.78,20110000,75.78,76.475
1/28/15,76.9,77.64,76,76.24,53306400,76.24,77.45
1/29/15,76.85,78.02,74.21,78,61293500,78,76.38
1/30/15,78,78.16,75.75,75.91,42649500,75.91,76.495
2/2/15,76.11,76.14,73.75,74.99,41955300,74.99,75.755
2/3/15,75.19,75.58,73.86,75.4,26957700,75.4,75.41
2/4/15,75.09,76.35,75.01,75.63,20277400,75.63,75.35
2/5/15,75.71,75.98,75.21,75.61,15062600,75.61,75.09
2/6/15,75.68,75.7,74.25,74.47,20989300,74.47,75.06
2/9/15,74.05,74.83,73.45,74.44,16194300,74.44,74.62
2/10/15,74.85,75.34,74.5,75.19,15811300,75.19,75.68
2/11/15,75.09,76.75,75.03,76.51,20877400,76.51,75.66
2/12/15,76.86,76.87,75.89,76.23,17235000,76.23,76.3
2/13/15,76.46,76.48,75.5,75.74,18621900,75.74,76.03
2/17/15,75.3,76.91,75.08,75.6,25254400,75.6,76.005
2/18/15,75.94,76.9,75.45,76.71,22426400,76.71,77.68
2/19/15,76.99,79.84,76.95,79.42,45851200,79.42,78.445
2/20/15,79.55,80.34,79.2,79.9,36931700,79.9,79.195
2/23/15,79.96,80.19,78.38,78.84,24139100,78.84,79.205
2/24/15,78.5,79.48,78.1,78.45,18897100,78.45,79.03
2/25/15,78.5,80.2,78.5,79.56,25593800,79.56,79.455
2/26/15,79.88,81.37,79.72,80.41,31111900,80.41,79.425
2/27/15,80.68,81.23,78.62,78.97,30739200,78.97,80.215
3/2/15,79,79.86,78.52,79.75,21662500,79.75,79.3
3/3/15,79.61,79.7,78.52,79.6,18635000,79.6,80.255
3/4/15,79.3,81.15,78.85,80.9,28126700,80.9,80.255
3/5/15,81.23,81.99,81.05,81.21,27825700,81.21,80.62
3/6/15,80.9,81.33,79.83,80.01,24488600,80.01,80.17
3/9/15,79.68,79.91,78.63,79.44,18925100,79.44,78.615
3/10/15,78.5,79.26,77.55,77.55,23067100,77.55,78.035
3/11/15,77.8,78.43,77.26,77.57,20215700,77.57,78.365
3/12/15,78.1,79.05,77.91,78.93,16093300,78.93,78.075
3/13/15,78.6,79.38,77.68,78.05,18557300,78.05,78.335
3/16/15,77.96,78.12,77.36,78.07,19305400,78.07,78.66
3/17/15,78.36,79.78,78.34,79.36,22170000,79.36,79.635
3/18/15,79.25,81.24,79.17,80.91,36912400,80.91,81
3/19/15,81.12,83,81,82.75,42099500,82.75,82.46
3/20/15,83.39,84.6,83.07,83.8,44466300,83.8,83.91
3/23/15,83.92,84.96,83.3,84.43,27357300,84.43,84.615
3/24/15,84.71,86.07,84.52,85.31,32576500,85.31,83.815
3/25/15,85.5,85.52,82.92,82.92,37436100,82.92,84.255
3/26/15,82.72,83.77,82.14,83.01,32794800,83.01,83.01
3/27/15,83.38,83.95,82.88,83.3,18372600,83.3,83.29
3/30/15,83.81,84.34,82.41,83.2,24527700,83.2,83.015
3/31/15,82.9,83.5,82.21,82.22,19734300,82.22,82.285
4/1/15,82.5,82.72,80.87,81.67,22058200,81.67,82.03
4/2/15,82.25,82.56,81.44,81.56,19664100,81.56,82.345
4/6/15,80.8,82.81,80.8,82.44,19062900,82.44,81.56
4/7/15,82.65,83.42,82.22,82.32,17467000,82.32,82.465
4/8/15,82.63,83.1,81.84,82.28,18966700,82.28,82.4
4/9/15,82.5,82.8,81.71,82.17,15927300,82.17,82.27
4/10/15,82.21,82.61,81.91,82.04,12529700,82.04,82.61
4/13/15,81.93,83.94,81.92,83.01,26883100,83.01,82.725
4/14/15,83.17,83.69,82.44,83.52,19634200,83.52,82.94
4/15/15,83.55,83.66,82.27,82.71,22390900,82.71,82.93
4/16/15,82.47,83.07,82.15,82.31,13769700,82.31,81.625
4/17/15,81.48,82.11,80.37,80.78,24076300,80.78,82.285
4/20/15,81.54,83.15,81.24,83.09,28796800,83.09,82.58
4/21/15,84,84.49,83.54,83.62,27171900,83.62,84.315
4/22/15,84.32,84.74,83.65,84.63,45548000,84.63,83.365
4/23/15,84.1,85.59,82.41,82.41,73728100,82.41,82.815
4/24/15,82.77,82.94,81.48,81.53,29660400,81.53,82.34
4/27/15,81.87,82.93,81.63,81.91,25446000,81.91,81.275
4/28/15,81.83,81.9,80.23,80.68,23775300,80.68,81.15
4/29/15,80.01,81.39,79.52,80.47,26430300,80.47,79.39
4/30/15,80.01,80.96,78.32,78.77,28999000,78.77,79.5
5/1/15,79.24,79.76,78.11,78.99,24136400,78.99,79.025
5/4/15,79.33,79.69,78.63,78.81,14692000,78.81,78.445
5/5/15,78.55,78.8,77.22,77.56,22311300,77.56,78.325
5/6/15,77.97,78.81,77.05,78.1,28663000,78.1,78.2
5/7/15,78,78.94,77.56,78.43,19749400,78.43,78.255
5/8/15,79.1,79.23,78.03,78.51,19943600,78.51,78.555
5/11/15,78.48,79.03,77.93,78.01,18874100,78.01,77.97
5/12/15,77.87,77.89,76.79,77.46,21285300,77.46,78.155
5/13/15,77.72,78.53,77.65,78.44,21512300,78.44,79.545
5/14/15,78.94,81.85,78.67,81.37,49438000,81.37,79.68
5/15/15,81.41,81.52,80.18,80.42,27069900,80.42,81.145
5/18/15,80.33,81.38,80.23,80.88,21613700,80.88,80.48
5/19/15,81.25,81.69,80.55,80.63,17955400,80.63,80.9
5/20/15,80.47,81.1,79.46,80.55,23056900,80.55,80.475
5/21/15,80.19,80.92,80.08,80.48,13402700,80.48,80.365
5/22/15,80.35,81.31,80.25,80.54,19567900,80.54,79.84
5/26/15,80.43,80.6,79.08,79.33,16321300,79.33,80.49
5/27/15,79.6,80.66,79.43,80.55,14160900,80.55,79.875
5/28/15,80.25,81.07,80,80.15,11982000,80.15,79.72
5/29/15,79.95,80.07,78.88,79.19,16134600,79.19,80.12
6/1/15,79.3,80.38,78.66,80.29,18119000,80.29,79.87
6/2/15,79.76,81.35,79.56,80.44,18923300,80.44,81.1
6/3/15,81.35,82.53,81.25,82.44,31775000,82.44,81.7
6/4/15,82.14,82.95,81.51,82.05,20863900,82.05,82.14
6/5/15,81.87,82.46,81.51,82.14,16143100,82.14,81.27
6/8/15,81.82,82,80.13,80.67,16915500,80.67,81.245
6/9/15,80.6,81.19,79.32,80.67,16497500,80.67,81.38
6/10/15,80.83,82.6,80.81,82.16,21531200,82.16,81.33
6/11/15,82.31,82.9,81.36,81.83,18656800,81.83,81.92
6/12/15,81.37,82.09,81.2,81.53,11417900,81.53,81.04
6/15/15,80.55,80.93,80.07,80.71,18805100,80.71,80.805
6/16/15,80.82,81.51,80.45,81.06,13693700,81.06,81.305
6/17/15,81.76,82.22,81.34,81.79,18350300,81.79,82.335
6/18/15,81.64,83.19,81.57,82.91,26782600,82.91,82.075
6/19/15,82.83,82.98,82.12,82.51,23353200,82.51,83.785
6/22/15,83.41,84.97,83.31,84.74,29383100,84.74,85.645
6/23/15,84.96,87.97,84.76,87.88,50667900,87.88,86.91
6/24/15,87.66,89.25,87.45,88.86,41370200,88.86,87.82
6/25/15,89.26,89.4,87.84,87.98,27302000,87.98,88.635
6/26/15,88.12,88.34,86.83,88.01,38214600,88.01,86.96
6/29/15,86.61,87.5,85.73,85.8,35957900,85.8,86.19
6/30/15,86.6,86.7,85.57,85.77,23233200,85.77,86.755
7/1/15,86.77,87.95,86.49,86.91,25260000,86.91,87.03
7/2/15,87.4,87.44,86.34,87.29,16908800,87.29,87.475
7/6/15,86.49,88.19,86.39,87.55,24635900,87.55,86.855
7/7/15,87.8,87.85,85.23,87.22,33059900,87.22,86.725
7/8/15,86.29,86.75,85.45,85.65,24399300,85.65,86.085
7/9/15,86.73,87.6,85.65,85.88,23307400,85.88,87.34
7/10/15,87.35,88.22,86.77,87.95,23245900,87.95,88.725
7/13/15,88.66,90.22,88.42,90.1,29976700,90.1,89.17
7/14/15,90.46,90.8,89.65,89.68,26627800,89.68,90.11
7/15/15,90,90.99,89.42,89.76,30886600,89.76,90.425
7/16/15,90.28,90.86,89.77,90.85,21804100,90.85,92.625
7/17/15,92.55,95.39,92.54,94.97,54001600,94.97,95.23
7/20/15,95.85,98.6,95.36,97.91,54860500,97.91,97.12
7/21/15,98.95,99.24,97.14,98.39,39453300,98.39,97.995
7/22/15,96.74,97.58,95.92,97.04,28299500,97.04,96.09
7/23/15,96.96,97.45,94.81,95.44,29418800,95.44,96.955
7/24/15,97.35,97.76,95.88,96.95,33444900,96.95,95.76
7/27/15,96.58,96.61,93.83,94.17,38585400,94.17,95.935
7/28/15,94.84,95.56,93.31,95.29,35236000,95.29,95.915
7/29/15,96.32,97.28,94.74,96.99,64648300,96.99,95.765
7/30/15,94.91,95.81,91.8,95.21,86211300,95.21,94.46
7/31/15,94.95,96.33,93.95,94.01,46509000,94.01,94.545
8/3/15,93.53,95.08,92.8,94.14,29343100,94.14,93.795
8/4/15,93.79,94.73,93.33,94.06,20136000,94.06,95.115
8/5/15,95.25,97.09,95.18,96.44,29813200,96.44,95.185
8/6/15,97.18,98.74,94.42,95.12,42271300,95.12,95.74
8/7/15,95.38,95.4,93.61,94.3,23199100,94.3,94.765
8/10/15,95.68,95.9,93.63,94.15,21624200,94.15,94.65
8/11/15,93.73,94.76,92.9,93.62,22491000,93.62,93.96
8/12/15,92.7,94.44,91.19,94.19,27050500,94.19,93.065
8/13/15,94.05,94.73,93.35,93.43,17451800,93.43,94.235
8/14/15,93.54,94.72,93.21,94.42,15929700,94.42,93.735
8/17/15,94.42,94.46,93.39,93.93,18313500,93.93,94.795
8/18/15,94.08,95.85,94.04,95.17,22278800,95.17,94.695
8/19/15,94.63,96.1,94.16,95.31,23251300,95.31,92.595
8/20/15,93.54,94.77,90.46,90.56,44598200,90.56,89.8
8/21/15,87.52,89.18,85.61,86.06,62778700,86.06,84.805
8/24/15,77.03,82.09,72,82.09,83710700,82.09,80.015
8/25/15,86.95,87.67,83,83,52021200,83,87.07
8/26/15,85.95,87.46,83.26,87.19,45124300,87.19,87.84
8/27/15,89.1,90.06,87.19,89.73,42431400,89.73,90.055
8/28/15,89.88,91.48,89.79,91.01,33215900,91.01,89.655
8/31/15,90.6,91.05,88.89,89.43,32850700,89.43,88.915
9/1/15,86.85,89.39,86.5,87.23,36097400,87.23,88.37
9/2/15,88.81,89.89,87.63,89.89,27190500,89.89,88.48
9/3/15,89.76,89.82,87.73,88.15,27048200,88.15,89.01
9/4/15,87.2,88.39,86.7,88.26,27328700,88.26,88.365
9/8/15,89.69,90.24,88.83,89.53,27012500,89.53,90.065
9/9/15,90.78,91.98,90.17,90.44,32551100,90.44,91.38
9/10/15,90.07,92.06,89.63,91.98,26437400,91.98,91.06
9/11/15,91.68,92.08,91.13,92.05,21185000,92.05,91.995
9/14/15,92.31,92.62,91.6,92.31,20127900,92.31,92.605
9/15/15,92.37,93.25,91.79,92.9,18859400,92.9,92.91
9/16/15,92.9,93.6,92.63,93.45,16321200,93.45,93.62
9/17/15,93.37,95.51,92.9,94.34,27841800,94.34,93.885
9/18/15,93.2,95.19,93.05,94.4,62300000,94.4,94.375
9/21/15,94.62,96.49,94.52,95.55,28790000,95.55,93.79
9/22/15,93.77,94.68,91.92,92.96,36888900,92.96,93.87
9/23/15,93.4,94.32,92.8,93.97,21701400,93.97,93.905
9/24/15,93.06,94.77,92.24,94.41,29106000,94.41,92.915
9/25/15,95.79,95.85,92.06,92.77,28961600,92.77,92.5
9/28/15,92.08,92.29,88.18,89.21,41199900,89.21,89.375
9/29/15,89.1,90.06,85.72,86.67,42281800,86.67,89.5
9/30/15,88.44,90.02,88.01,89.9,36169100,89.9,89.695
10/1/15,90.05,90.95,88.36,90.95,29283700,90.95,91.06
10/2/15,88.9,92.2,88.37,92.07,37881700,92.07,91.455
10/5/15,92.94,94.27,92.66,94.01,27292500,94.01,92.87
10/6/15,94.08,94.17,92.34,92.8,22488300,92.8,93.24
10/7/15,93.11,93.66,91.37,92.4,24129300,92.4,92.79
10/8/15,91.89,93.22,90.47,92.47,27290500,92.47,92.565
10/9/15,92.9,93.74,92.24,93.24,20012900,93.24,93.58
10/12/15,93.32,94.6,92.67,94.26,18449600,94.26,93.72
10/13/15,93.66,95.37,93.55,94.12,19480300,94.12,93.865
10/14/15,94.08,95.2,93.61,94.07,19253400,94.07,95.02
10/15/15,94.99,96.3,94.9,95.96,27557500,95.96,96.265
10/16/15,96.18,97.59,95.35,97.54,25412900,97.54,97.325
10/19/15,97.18,98.57,96.92,98.47,23729900,98.47,97.09
10/20/15,98.73,99.59,96.56,97,30881800,97,97.92
10/21/15,97.37,98.18,96.47,97.11,21917800,97.11,98.52
10/22/15,97.79,99.73,97.55,99.67,26392100,99.67,99.99
10/23/15,101.91,102.85,100.16,102.19,42809700,102.19,102.84
10/26/15,102.2,103.81,101.55,103.77,25961200,103.77,102.95
10/27/15,102.94,104.1,102.4,103.7,23795500,103.7,103.57
10/28/15,103.9,104.48,102.92,104.2,24081500,104.2,104.39
10/29/15,103.96,105.12,103.52,104.88,20316700,104.88,102.965
10/30/15,104.51,104.72,101.65,101.97,33487100,101.97,103.91
11/2/15,101.72,103.47,101.18,103.31,24003900,103.31,102.15
11/3/15,103.22,103.65,102.4,102.58,21242300,102.58,103.58
11/4/15,103.19,104.14,102.48,103.94,43469300,103.94,105.975
11/5/15,108.8,110.65,107.95,108.76,63232900,108.76,107.95
11/6/15,108.04,108.74,105.91,107.1,35084300,107.1,107.265
11/9/15,107,108.25,105.86,106.49,26383500,106.49,107.455
11/10/15,105.96,108.15,105.24,107.91,25031700,107.91,107.485
11/11/15,108.27,109.87,107.11,109.01,25057100,109.01,108.145
11/12/15,108.48,109.39,108,108.02,20924700,108.02,106.215
11/13/15,107.71,108.25,103.83,103.95,30278400,103.95,105.875
11/16/15,103.32,104.17,100.47,104.04,49309200,104.04,104.225
11/17/15,104.62,106.2,104.14,105.13,26807200,105.13,106.195
11/18/15,105.8,107.88,105.39,107.77,23836500,107.77,106.03
11/19/15,107.36,107.73,105.95,106.26,25520600,106.26,107.34
11/20/15,106.84,107.87,106.62,107.32,22129600,107.32,106.895
11/23/15,107.19,107.47,106.08,106.95,19897200,106.95,106.465
11/24/15,106,106.49,104.39,105.74,23577300,105.74,105.705
11/25/15,106.33,106.6,105.1,105.41,15150800,105.41,105.89
11/27/15,105.78,105.96,104.86,105.45,5899600,105.45,105.01
11/30/15,105.84,106.1,103.75,104.24,20009000,104.24,106.48
12/1/15,104.83,107.15,104.5,107.12,22715600,107.12,105.45
12/2/15,107,107.92,105.79,106.07,24295200,106.07,105.69
12/3/15,106.27,106.85,103.35,104.38,23171000,104.38,106.225
12/4/15,104.81,107.73,104.11,106.18,20941200,106.18,105.21
12/7/15,106.48,106.83,104.66,105.61,15403400,105.61,106.485
12/8/15,104,106.91,103.95,106.49,20365300,106.49,104.3
12/9/15,106.18,106.44,103.55,104.6,23123000,104.6,105.8
12/10/15,105.05,106.4,104.41,105.42,17414500,105.42,103.585
12/11/15,104.15,104.34,101.91,102.12,26286300,102.12,104.405
12/14/15,102.29,104.74,101.46,104.66,24648100,104.66,103.42
12/15/15,105.3,105.8,104.28,104.55,21644900,104.55,106.045
12/16/15,105.37,107.09,104.19,106.79,21994800,106.79,105.795
12/17/15,107.49,107.75,106.13,106.22,21508700,106.22,105.765
12/18/15,106.08,106.59,103.97,104.04,35546500,104.04,105.425
12/21/15,104.91,105.15,103.6,104.77,15999900,104.77,105.21
12/22/15,105.22,105.66,104.81,105.51,14420600,105.51,104.925
12/23/15,105.89,106.11,103.86,104.63,19246600,104.63,105.455
12/24/15,104.74,105.32,104.5,105.02,6501800,105.02,105.335
12/28/15,105.02,105.98,104.53,105.93,13031200,105.93,106.14
12/29/15,106.42,107.74,106.25,107.26,17137900,107.26,106.32
12/30/15,107,107.25,106.06,106.22,13101600,106.22,105.83
12/31/15,106,106.17,104.62,104.66,18298700,104.66,104.11
1/4/16,101.95,102.24,99.75,102.22,37717300,102.22,102.34
1/5/16,102.89,103.71,101.67,102.73,23225100,102.73,102.93
1/6/16,101.13,103.77,100.9,102.97,24988900,102.97,99.525
1/7/16,100.5,101.43,97.3,97.92,44864700,97.92,98.915
1/8/16,99.88,100.5,97.03,97.33,35267300,97.33,98.695
1/11/16,97.91,98.6,95.39,97.51,29873100,97.51,98.64
1/12/16,99,99.96,97.55,99.37,28212800,99.37,97.22
1/13/16,100.58,100.58,95.21,95.44,33091600,95.44,99.475
1/14/16,95.85,98.87,92.45,98.37,48488500,98.37,95.41
1/15/16,93.98,96.38,93.54,94.97,45935600,94.97,94.62
1/19/16,96.53,97.42,93.92,95.26,30620600,95.26,95.44
1/20/16,92.83,95,89.37,94.35,58982400,94.35,93.495
1/21/16,94.91,95.99,92.62,94.16,30468900,94.16,96.425
1/22/16,96.41,98.07,95.49,97.94,30331400,97.94,96.71
1/25/16,98.72,99.48,96.93,97.01,32319100,97.01,98.03
1/26/16,97.76,97.88,95.66,97.34,26637400,97.34,96.105
1/27/16,97.79,97.85,94.23,94.45,48311900,94.45,103.45
1/28/16,107.2,110.34,104.81,109.11,107084100,109.11,109.705
1/29/16,108.99,112.84,108.84,112.21,62357500,112.21,112.04
2/1/16,112.27,115.72,112.01,115.09,45840900,115.09,113.44
2/2/16,114.8,117.59,113.2,114.61,59644900,114.61,113.745
2/3/16,115.27,115.34,109.75,112.69,56848100,112.69,112.88
2/4/16,111.8,111.94,109.25,110.49,38648500,110.49,107.935
2/5/16,109.51,109.58,103.18,104.07,76522700,104.07,104.63
2/8/16,100.41,102.68,97.46,99.75,71016500,99.75,99.975
2/9/16,97.14,102.4,96.82,99.54,62580100,99.54,99.07
2/10/16,101.55,103.25,100.24,101,44943900,101,101.73
2/11/16,99.6,105.11,98.88,101.91,43493100,101.91,100.805
2/12/16,103.74,104.24,101.09,102.01,36038100,102.01,102.675
2/16/16,103.8,103.93,100.24,101.61,45438300,101.61,104.5
2/17/16,102.02,105.72,100.4,105.2,44009600,105.2,102.745
2/18/16,105.8,106,103.03,103.47,29374600,103.47,105.185
2/19/16,102.55,105.02,102.06,104.57,32337400,104.57,104.855
2/22/16,105.49,108.25,105.34,107.16,35630900,107.16,105.475
2/23/16,106.85,107.47,105.12,105.46,25204900,105.46,106.865
2/24/16,104.21,106.95,102.74,106.88,34239400,106.88,106.14
2/25/16,107.11,108.07,105.61,108.07,29796200,108.07,107.515
2/26/16,108.7,109.45,107.16,107.92,26578900,107.92,107.81
2/29/16,107.6,108.91,106.75,106.92,32243600,106.92,108.71
3/1/16,107.83,109.82,107.6,109.82,26694700,109.82,108.89
3/2/16,109.68,110.55,108.77,109.95,25641600,109.95,109.63
3/3/16,110.25,110.3,108.54,109.58,21333500,109.58,109.32
3/4/16,110.05,110.05,107.93,108.39,24872900,108.39,107.89
3/7/16,108.07,108.07,104.72,105.73,31436400,105.73,107
3/8/16,104.78,107.37,104.4,105.93,25493500,105.93,106.145
3/9/16,106.7,107.51,105.49,107.51,20449900,107.51,107.01
3/10/16,107.91,108.66,105.77,107.32,24780700,107.32,108.66
3/11/16,108.48,109.42,107.92,109.41,20581300,109.41,109.185
3/14/16,109.28,110.33,108.77,109.89,17236100,109.89,109.975
3/15/16,109.11,110.83,108.84,110.67,17586100,110.67,110.645
3/16/16,110.49,112.5,110.1,112.18,24619700,112.18,110.755
3/17/16,112.15,112.69,110.73,111.02,24204800,111.02,111.8
3/18/16,111.56,112.42,110.27,111.45,36217000,111.45,111.705
3/21/16,111.66,112.37,111.03,111.85,18394500,111.85,111.955
3/22/16,111.36,112.88,111.17,112.25,18957800,112.25,111.95
3/23/16,112.01,113.19,112,112.54,18468700,112.54,112.53
3/24/16,112.13,113.09,111.68,113.05,17063800,113.05,112.91
3/28/16,113.32,114.59,112.95,113.69,21312800,113.69,114.73
3/29/16,113.83,116.32,113.64,116.14,29765800,116.14,114.265
3/30/16,116.73,116.99,114.36,114.7,33180300,114.7,115.415
3/31/16,114.7,115.01,113.77,114.1,21138700,114.1,115.38
4/1/16,113.75,116.17,113.35,116.06,24726000,116.06,113.15
4/4/16,114.07,114.55,111.61,112.55,48429700,112.55,113.145
4/5/16,112.11,113.32,111.9,112.22,22752500,112.22,112.91
4/6/16,112.47,113.81,112.42,113.71,20522400,113.71,113.055
4/7/16,113.79,114.89,113.07,113.64,20324800,113.64,112.21
4/8/16,114.25,114.33,109.9,110.63,48424800,110.63,111.62
4/11/16,110.7,110.91,108.77,108.99,39563900,108.99,110.655
4/12/16,109.34,111.16,108.99,110.61,26175900,110.61,109.925
4/13/16,112.23,112.65,106.52,110.51,88113000,110.51,111.535
4/14/16,110.62,112.04,110.26,110.84,28430900,110.84,110.13
4/15/16,110.79,110.97,109.2,109.64,20763400,109.64,110.62
4/18/16,109.74,110.81,109.2,110.45,21092700,110.45,111.015
4/19/16,111.1,112.45,109.16,112.29,30147600,112.29,111.76
4/20/16,112.43,113.27,111.56,112.42,20998300,112.42,112.43