5/20/11,94.55,3M Company (NYSE:MMM) - Volume,3M Company (NYSE:MMM) - Total Enterprise Value,3M Company (NYSE:MMM) - Shares Sold Short,3M Company (NYSE:MMM) - Market Cap/Total Revenues,3M Company (NYSE:MMM) - P/BV,3M Company (NYSE:MMM) - Dividend Yield,3M Company (NYSE:MMM) - Short Interest as % of Shares Outstanding
5/23/11,92.29,2990188,67701266730,6398617,2.38,3.98,0.02,0.01
5/24/11,92.92,3218292,67331766690,7056976,2.37,3.96,0.02,0.01
5/25/11,91.54,2814531,67843382130,7056976,2.38,3.99,0.02,0.01
5/26/11,92.65,2672373,67935757140,7056976,2.39,4,0.02,0.01
5/27/11,93.46,1987187,68397632190,7056976,2.4,4.03,0.02,0.01
5/31/11,94.05,3181485,69044257260,7056976,2.43,4.07,0.02,0.01
6/1/11,94.33,3456156,66955160880,7056976,2.35,3.94,0.02,0.01
6/2/11,91.35,2745980,66969372420,7056976,2.35,3.94,0.02,0.01
6/3/11,90.19,3108261,66429333900,7056976,2.33,3.91,0.02,0.01
6/6/11,90.38,2955177,66372487740,7056976,2.33,3.9,0.02,0.01
6/7/11,90.86,3051248,66535920450,7056976,2.34,3.91,0.02,0.01
6/8/11,90.94,3469872,66578555070,7056976,2.34,3.92,0.02,0.01
6/9/11,91.36,2493278,67324660920,6613575,2.37,3.96,0.02,0.01
6/10/11,91.44,2765139,66450651210,6613575,2.33,3.91,0.02,0.01
6/13/11,91.14,2543230,66855680100,6613575,2.35,3.93,0.02,0.01
6/14/11,92.28,2839046,67772324430,6613575,2.38,3.99,0.02,0.01
6/15/11,91.7,3407667,66663824310,6613575,2.34,3.92,0.02,0.01
6/16/11,91.07,2995789,67054641660,6613575,2.36,3.95,0.02,0.01
6/17/11,92.3,3764214,67196757060,6613575,2.36,3.95,0.02,0.01
6/20/11,91.42,2026665,67751007120,6613575,2.38,3.99,0.02,0.01
6/21/11,92.81,2438432,68369209110,6613575,2.4,4.03,0.02,0.01
6/22/11,93.33,2676777,67921545600,6613575,2.39,4,0.02,0.01
6/23/11,92.04,3804334,67594680180,6613575,2.38,3.98,0.02,0.01
6/24/11,92.34,4179820,66564343530,7559406,2.34,3.92,0.02,0.01
6/27/11,91.08,2783795,67530728250,7559406,2.37,3.97,0.02,0.01
6/28/11,92.63,2729913,68077872540,7559406,2.39,4.01,0.02,0.01
6/29/11,93.42,3071694,68141824470,7559406,2.39,4.01,0.02,0.01
6/30/11,93.38,4201764,69378228450,7559406,2.44,4.09,0.02,0.01
7/1/11,94.83,4659666,70671478590,7559406,2.49,4.16,0.02,0.01
7/5/11,96.4,3063472,70294872780,7559406,2.47,4.14,0.02,0.01
7/6/11,96.12,3704034,71076507480,7559406,2.5,4.19,0.02,0.01
7/7/11,97.73,3312074,71595228690,7559406,2.52,4.22,0.02,0.01
7/8/11,97.12,3014844,71346526740,7559406,2.51,4.21,0.02,0.01
7/11/11,96.45,4510390,70593315120,7559406,2.48,4.16,0.02,0.01
7/12/11,97.11,4578317,70110122760,6522124,2.47,4.13,0.02,0.01
7/13/11,96.09,2816056,70330401630,6522124,2.47,4.14,0.02,0.01
7/14/11,94.82,5397030,69470603460,6522124,2.44,4.09,0.02,0.01
7/15/11,95.2,3924023,69818786190,6522124,2.46,4.11,0.02,0.01
7/18/11,95.1,2951703,69200584200,6522124,2.43,4.08,0.02,0.01
7/19/11,94.94,4756841,68966093790,6522124,2.42,4.06,0.02,0.01
7/20/11,94.83,2807906,68951882250,6522124,2.42,4.06,0.02,0.01
7/21/11,95.01,3540882,70081699680,6522124,2.47,4.13,0.02,0.01
7/22/11,96.09,2846219,69754834260,6522124,2.45,4.11,0.02,0.01
7/25/11,94.84,3438665,69534555390,6522124,2.45,4.1,0.02,0.01
7/26/11,91.92,11432430,64978189610,7532547,2.24,3.6,0.02,0.01
7/27/11,89.69,6658356,63571930880,7532547,2.19,3.52,0.02,0.01
7/28/11,88.19,4285864,63210067520,7532547,2.17,3.5,0.03,0.01
7/29/11,86.94,4888184,62904967040,7532547,2.16,3.48,0.03,0.01
8/1/11,87.98,5997900,62642438720,7532547,2.15,3.47,0.03,0.01
8/2/11,85.67,6407146,61578134720,7532547,2.12,3.41,0.03,0.01
8/3/11,85.56,6276942,62223812480,7532547,2.14,3.45,0.03,0.01
8/4/11,85.07,9061689,59833145280,7532547,2.04,3.37,0.03,0.01
8/5/11,83.44,8454618,60202104000,7532547,2.05,3.39,0.03,0.01
8/8/11,80.75,11496490,57250434240,7532547,1.95,3.22,0.03,0.01
8/9/11,80.23,12008330,60159531840,7789451,2.05,3.39,0.03,0.01
8/10/11,81,9377395,56995001280,7789451,1.94,3.2,0.03,0.01
8/11/11,78.69,7142235,59116513920,7789451,2.02,3.33,0.03,0.01
8/12/11,81.89,5718059,60053101440,7789451,2.05,3.38,0.03,0.01
8/15/11,82.66,4157195,60599444160,7789451,2.07,3.41,0.03,0.01
8/16/11,82.53,5078274,59762191680,7789451,2.04,3.36,0.03,0.01
8/17/11,82.19,5429400,58910748480,7789451,2.01,3.31,0.03,0.01
8/18/11,79.83,8546227,56420277120,7789451,1.92,3.17,0.03,0.01
8/19/11,76.65,6151853,56030032320,7789451,1.91,3.15,0.03,0.01
8/22/11,78.34,4434716,56086795200,7789451,1.91,3.15,0.03,0.01
8/23/11,77.17,5819100,58016733120,7789451,1.98,3.26,0.03,0.01
8/24/11,79.4,5176759,58456645440,10031137,1.99,3.29,0.03,0.01
8/25/11,80.45,6605758,56966619840,10031137,1.94,3.2,0.03,0.01
8/26/11,77.73,5389981,58257975360,10031137,1.99,3.28,0.03,0.01
8/29/11,81.3,3466934,59740905600,10031137,2.04,3.36,0.03,0.01
8/30/11,81.68,3734193,59719619520,10031137,2.04,3.36,0.03,0.01
8/31/11,82.7,4737646,60365297280,10031137,2.06,3.4,0.03,0.01
9/1/11,83.02,4535312,59393232960,10031137,2.03,3.34,0.03,0.01
9/2/11,80.02,4391281,57789681600,10031137,1.97,3.25,0.03,0.01
9/6/11,77.44,5271141,56888570880,10031137,1.94,3.2,0.03,0.01
9/7/11,79.36,5216110,58655315520,10031137,2,3.3,0.03,0.01
9/8/11,79.88,4723619,57725823360,10031137,1.97,3.25,0.03,0.01
9/9/11,78.06,7423451,55873934400,10031137,1.9,3.14,0.03,0.01
9/12/11,76.21,5848828,56987905920,10196257,1.94,3.2,0.03,0.01
9/13/11,78.28,6469078,56696996160,10196257,1.93,3.19,0.03,0.01
9/14/11,77.96,5402426,57853539840,10196257,1.97,3.25,0.03,0.01
9/15/11,80.18,4222294,58697887680,10196257,2,3.3,0.03,0.01
9/16/11,81.43,6027526,58626934080,10196257,2,3.3,0.03,0.01
9/19/11,79.57,4552695,57690346560,10196257,1.97,3.24,0.03,0.01
9/20/11,79.44,3914774,57690346560,10196257,1.97,3.24,0.03,0.01
9/21/11,79.33,4958394,55653978240,10196257,1.9,3.13,0.03,0.01
9/22/11,74.82,10108460,53213174400,10196257,1.81,2.98,0.03,0.01
9/23/11,72.64,4583749,53986568640,10196257,1.84,3.03,0.03,0.01
9/26/11,74.39,5033308,54838011840,11689097,1.87,3.08,0.03,0.02
9/27/11,76.37,4875385,55611406080,11689097,1.89,3.12,0.03,0.02
9/28/11,76.42,5932031,53709849600,11689097,1.83,3.01,0.03,0.02
9/29/11,74.97,5633718,54369718080,11689097,1.85,3.05,0.03,0.02
9/30/11,73.91,7185141,52425589440,11689097,1.78,2.94,0.03,0.02
10/3/11,71.13,7619527,51815388480,11689097,1.76,2.9,0.03,0.02
10/4/11,70.13,8689888,52581687360,11689097,1.79,2.95,0.03,0.02
10/5/11,71.74,5468927,52950646080,11689097,1.8,2.97,0.03,0.02
10/6/11,72.72,4835766,54454862400,11689097,1.85,3.06,0.03,0.02
10/7/11,75.2,5291784,53865947520,11689097,1.83,3.02,0.03,0.02
10/10/11,75.12,3855981,55923601920,11689097,1.91,3.14,0.03,0.02
10/11/11,76.55,3320384,55710741120,11001357,1.9,3.13,0.03,0.02
10/12/11,76.73,5663238,57087240960,11001357,1.95,3.21,0.03,0.02
10/13/11,78.27,3726920,56689900800,11001357,1.93,3.19,0.03,0.02
10/14/11,78.94,2840773,57463295040,11001357,1.96,3.23,0.03,0.02
10/17/11,78.63,4359442,55327591680,11001357,1.88,3.11,0.03,0.02
10/18/11,76.18,4167312,57087240960,11001357,1.95,3.21,0.03,0.02
10/19/11,78.26,3864997,56618947200,11001357,1.93,3.18,0.03,0.02
10/20/11,77.77,4087206,57314292480,11001357,1.95,3.22,0.03,0.02
10/21/11,79.38,5125472,58591457280,11001357,2,3.3,0.03,0.02
10/24/11,80.32,5428807,59797668480,11001357,2.04,3.36,0.03,0.02
10/25/11,76.88,12651830,55959653440,11001357,1.87,3.1,0.03,0.02
10/26/11,77.98,5788879,55276081900,11216720,1.85,3.1,0.03,0.02
10/27/11,79.51,7414366,58352791450,11216720,1.95,3.28,0.03,0.02
10/28/11,81.53,5252021,58065445000,11216720,1.94,3.26,0.03,0.02
10/31/11,79.88,4022482,56677771900,11216720,1.89,3.18,0.03,0.02
11/1/11,77.89,5773603,54932667850,11216720,1.83,3.08,0.03,0.02
11/2/11,77.39,3559886,56004960700,11216720,1.87,3.14,0.03,0.02
11/3/11,78.86,4338315,57556295800,11216720,1.91,3.29,0.03,0.02
11/4/11,78.97,3771861,57318008500,11216720,1.9,3.28,0.03,0.02
11/7/11,79.27,4311630,57591338050,11216720,1.91,3.29,0.03,0.02
11/8/11,80.29,4230480,59091146350,11216720,1.96,3.38,0.03,0.02
11/9/11,80.13,6393454,57107755000,9268420,1.89,3.26,0.03,0.01
11/10/11,80.31,4646259,58032870400,9268420,1.93,3.32,0.03,0.01
11/11/11,81.3,3645711,59413535050,9268420,1.97,3.4,0.03,0.01
11/14/11,81.56,3168577,59119180150,9268420,1.96,3.38,0.03,0.01
11/15/11,81.44,3602349,59119180150,9268420,1.96,3.38,0.03,0.01
11/16/11,81.29,5097069,59119180150,9268420,1.96,3.38,0.03,0.01
11/17/11,81.53,5077871,58109963350,9268420,1.93,3.32,0.03,0.01
11/18/11,80.7,3928297,58187056300,9268420,1.93,3.33,0.03,0.01
11/21/11,79.28,5439978,56680239550,9268420,1.88,3.24,0.03,0.01
11/22/11,77.63,4171987,56287766350,9268420,1.87,3.21,0.03,0.01
11/23/11,77.08,4149867,54682831300,9268420,1.81,3.12,0.03,0.01
11/25/11,75.55,2093982,55096329850,9268420,1.83,3.14,0.03,0.01
11/28/11,77.2,4923069,56210673400,9410749,1.86,3.21,0.03,0.01
11/29/11,78,3854708,55874267800,9410749,1.85,3.19,0.03,0.01
11/30/11,79.71,8720938,58537478800,9410749,1.94,3.35,0.03,0.01
12/1/11,81.25,3867054,58018853500,9410749,1.93,3.32,0.03,0.01
12/2/11,81.39,5577944,57640397200,9410749,1.91,3.29,0.03,0.01
12/5/11,81.33,5910639,58460385850,9410749,1.94,3.34,0.03,0.01
12/6/11,82.13,6012913,59301399850,9410749,1.97,3.39,0.03,0.01
12/7/11,82.03,4306040,59483619550,9410749,1.98,3.4,0.03,0.01
12/8/11,81.83,3982479,58130988700,9410749,1.93,3.32,0.03,0.01
12/9/11,80.92,4075475,59350459000,9703487,1.97,3.4,0.03,0.01
12/12/11,81.9,3337963,58222098550,9703487,1.93,3.33,0.03,0.01
12/13/11,81,3978687,57395101450,9703487,1.9,3.28,0.03,0.01
12/14/11,79.18,4202932,56764340950,9703487,1.88,3.24,0.03,0.01
12/15/11,79.43,3246908,57009636700,9703487,1.89,3.26,0.03,0.01
12/16/11,79.52,6492582,57016645150,9703487,1.89,3.26,0.03,0.01
12/19/11,79.02,3485368,56280757900,9703487,1.87,3.21,0.03,0.01
12/20/11,79.19,4660198,58025861950,9703487,1.93,3.32,0.03,0.01
12/21/11,80.43,3611754,57808600000,9703487,1.92,3.3,0.03,0.01
12/22/11,80.27,3164166,58488419650,9703487,1.94,3.34,0.03,0.01
12/23/11,81.24,2042102,59350459000,9703487,1.97,3.4,0.03,0.01
12/27/11,81.91,1722580,59406526600,8146748,1.97,3.4,0.03,0.01
12/28/11,82.22,2613284,58614571750,8146748,1.95,3.35,0.03,0.01
12/29/11,81.37,1935126,59287382950,8146748,1.97,3.39,0.03,0.01
12/30/11,82.23,1706821,59021061850,8146748,1.96,3.38,0.03,0.01
1/3/12,83.76,3380063,60254549050,8146748,2,3.45,0.03,0.01
1/4/12,83.13,3007305,60738132100,8146748,2.02,3.48,0.03,0.01
1/5/12,83.53,3116399,60471811000,8146748,2.01,3.46,0.03,0.01
1/6/12,83.78,2839171,60170447650,8146748,2,3.44,0.03,0.01
1/9/12,83.58,2796509,60520870150,8146748,2.01,3.46,0.03,0.01
1/10/12,84.59,3440126,60822233500,8146748,2.02,3.48,0.03,0.01
1/11/12,83.24,4465369,60450785650,6453427,2.01,3.46,0.03,0.01
1/12/12,84.37,3650176,60808216600,6453427,2.02,3.48,0.03,0.01
1/13/12,83.75,3093278,60331642000,6453427,2,3.45,0.03,0.01
1/17/12,84.85,2694881,60773174350,6453427,2.02,3.48,0.03,0.01
1/18/12,84.14,3721024,61361884150,6453427,2.04,3.51,0.03,0.01
1/19/12,85.1,3413676,61873501000,6453427,2.06,3.54,0.03,0.01
1/20/12,85.45,3522616,61768374250,6453427,2.05,3.54,0.03,0.01
1/23/12,85.7,3494750,61740340450,6453427,2.05,3.54,0.03,0.01
1/24/12,85.26,3895556,61964610850,6453427,2.06,3.55,0.03,0.01
1/25/12,85.3,4411987,62350075600,7438843,2.07,3.57,0.03,0.01
1/26/12,87.51,4898806,62866005100,7438843,2.07,3.84,0.03,0.01
1/27/12,87.15,3747183,62268076200,7438843,2.05,3.83,0.03,0.01
1/30/12,86.5,3148316,62184679800,7438843,2.05,3.83,0.03,0.01
1/31/12,87.88,3552184,61746848700,7438843,2.04,3.8,0.03,0.01
2/1/12,87.52,3005447,62191629500,7438843,2.05,3.83,0.03,0.01
2/2/12,87.25,2288113,62247227100,7438843,2.05,3.83,0.03,0.01
2/3/12,88.08,3195408,62455718100,7438843,2.06,3.84,0.03,0.01
2/6/12,87.15,2189281,62337573200,7438843,2.06,3.84,0.03,0.01
2/7/12,87.32,2959012,62566913300,7438843,2.06,3.85,0.03,0.01
2/8/12,88.12,2522788,62622510900,7438843,2.06,3.85,0.03,0.01
2/9/12,87.54,3031603,62657259400,6686062,2.07,3.86,0.03,0.01
2/10/12,87.2,3085695,62045685800,6686062,2.05,3.82,0.03,0.01
2/13/12,87.57,2530550,62664209100,6686062,2.07,3.86,0.03,0.01
2/14/12,87.6,2850239,62636410300,6686062,2.07,3.86,0.03,0.01
2/15/12,87.42,3647039,61955339700,6686062,2.04,3.81,0.03,0.01
2/16/12,86.99,2548732,62883781600,6686062,2.06,3.95,0.03,0.01
2/17/12,87.99,2834514,62821272640,6686062,2.05,3.95,0.03,0.01
2/21/12,87.74,2406695,62849054400,6686062,2.05,3.95,0.03,0.01
2/22/12,87.65,2650082,62960181440,6686062,2.06,3.96,0.03,0.01
2/23/12,87.88,3531277,63057417600,6686062,2.06,3.96,0.03,0.01
2/24/12,88.04,2524734,63265780800,6686062,2.07,3.98,0.03,0.01
2/27/12,87.41,3012875,63175490080,6902877,2.07,3.97,0.03,0.01
2/28/12,87.83,2497619,62967126880,6902877,2.06,3.96,0.03,0.01
2/29/12,88.14,3277808,62849054400,6902877,2.05,3.95,0.03,0.01
3/1/12,87.72,2525767,62772654560,6902877,2.05,3.94,0.03,0.01
3/2/12,87.47,2820548,62793490880,6902877,2.05,3.94,0.03,0.01
3/5/12,87.4,2701884,62474000640,6902877,2.04,3.92,0.03,0.01
3/6/12,85.72,3547841,61008512800,6902877,1.99,3.83,0.03,0.01
3/7/12,85.24,3150801,61369675680,6902877,2,3.85,0.03,0.01
3/8/12,86.06,2603177,62230910240,6902877,2.03,3.91,0.03,0.01
3/9/12,86.81,1958244,62293419200,6552632,2.04,3.91,0.03,0.01
3/12/12,87.1,2049292,62807381760,6552632,2.05,3.95,0.03,0.01
3/13/12,87.76,3107053,63647780000,6552632,2.08,4,0.03,0.01
3/14/12,88.6,2960892,63731125280,6552632,2.08,4.01,0.03,0.01
3/15/12,89,3252131,64515960000,6552632,2.11,4.06,0.03,0.01
3/16/12,89.88,5007257,64210360640,6552632,2.1,4.04,0.03,0.01
3/19/12,89.52,2585377,64335378560,6552632,2.1,4.04,0.03,0.01
3/20/12,89.17,2485264,64064506400,6552632,2.1,4.03,0.03,0.01
3/21/12,89.42,2434153,63758907040,6552632,2.09,4.01,0.03,0.01
3/22/12,88.5,3064169,63539856090,6552632,2.08,3.99,0.03,0.01
3/23/12,88.63,2326704,63463435020,6552632,2.08,3.99,0.03,0.01
3/26/12,88.92,2572414,63921961440,6689366,2.09,4.02,0.03,0.01
3/27/12,89.38,2308363,63935856180,6689366,2.09,4.02,0.03,0.01
3/28/12,89.29,2289893,63456487650,6689366,2.08,3.99,0.03,0.01
3/29/12,87.88,2207090,63678803490,6689366,2.08,4,0.03,0.01
3/30/12,89.22,2471794,63984487770,6689366,2.09,4.02,0.03,0.01
4/2/12,88.79,2640893,63998382510,6689366,2.09,4.02,0.03,0.01
4/3/12,89.22,2298379,63692698230,6689366,2.08,4,0.03,0.01
4/4/12,87.98,2392645,63032698080,6689366,2.06,3.96,0.03,0.01
4/5/12,87.36,2048367,62636697990,6689366,2.05,3.93,0.03,0.01
4/9/12,86.24,1932610,61983645210,6689366,2.03,3.89,0.03,0.01
4/10/12,86.19,3650923,60767855460,6689366,1.98,3.81,0.03,0.01
4/11/12,85.36,2527663,61302802950,6374813,2,3.85,0.03,0.01
4/12/12,85.71,2475912,62351855820,6374813,2.04,3.91,0.03,0.01
4/13/12,86.49,2609608,61539013530,6374813,2.01,3.86,0.03,0.01
4/16/12,86.04,3060302,62032276800,6374813,2.03,3.89,0.03,0.01
4/17/12,86.7,2354160,62761750650,6374813,2.05,3.94,0.03,0.01
4/18/12,86.9,1781565,62539434810,6374813,2.04,3.93,0.03,0.01
4/19/12,87.19,2564935,62310171600,6374813,2.04,3.91,0.03,0.01
4/20/12,86.99,3177202,62782592760,6374813,2.05,3.94,0.03,0.01
4/23/12,86.52,2770292,62539434810,6374813,2.04,3.93,0.03,0.01
4/24/12,89.33,5701767,62920277130,6612102,2.06,3.69,0.03,0.01
4/25/12,88.98,2962855,63058833600,6612102,2.07,3.71,0.03,0.01
4/26/12,88.6,2751189,63419647040,6612102,2.08,3.73,0.03,0.01
4/27/12,89.41,2521357,63447401920,6612102,2.08,3.73,0.03,0.01
4/30/12,89.25,2072860,63447401920,6612102,2.08,3.73,0.03,0.01
5/1/12,89.13,2294512,63613931200,6612102,2.09,3.74,0.03,0.01
5/2/12,89.16,2100173,63558421440,6612102,2.09,3.74,0.03,0.01
5/3/12,89.5,2343521,63905218080,6612102,2.08,3.83,0.03,0.01
5/4/12,89.17,2823788,63405630240,6612102,2.07,3.8,0.03,0.01
5/7/12,87.7,2753418,62947674720,6612102,2.05,3.77,0.03,0.01
5/8/12,87.12,2710516,62635432320,6612102,2.04,3.75,0.03,0.01
5/9/12,86.64,3193230,62434209440,6322742,2.03,3.74,0.03,0.01
5/10/12,87.14,2828485,62337067360,6322742,2.03,3.74,0.03,0.01
5/11/12,86.47,2601738,62059518560,6322742,2.02,3.72,0.03,0.01
5/14/12,85.46,2631858,61435033760,6322742,2,3.68,0.03,0.01
5/15/12,85.95,2611263,61400340160,6322742,2,3.68,0.03,0.01
5/16/12,85.91,2770561,61101975200,6322742,1.99,3.66,0.03,0.01
5/17/12,85.56,2777178,60401164480,6322742,1.96,3.62,0.03,0.01
5/18/12,84.78,3602884,59825250720,6322742,1.95,3.58,0.03,0.01
5/21/12,83.88,2450333,60484429120,6322742,1.97,3.62,0.03,0.01
5/22/12,84.69,3000899,60255451360,6322742,1.96,3.61,0.03,0.01
5/23/12,83.37,3207695,60720345600,6322742,1.98,3.64,0.03,0.01
5/24/12,84.96,2322017,60845242560,6322742,1.98,3.64,0.03,0.01
5/25/12,84.87,2346446,60706468160,6322742,1.97,3.64,0.03,0.01
5/29/12,85.38,2142237,61365646560,6831145,2,3.68,0.03,0.01
5/30/12,85.06,2697071,60477490400,6831145,1.97,3.62,0.03,0.01
5/31/12,84.45,3688899,60449735520,6831145,1.97,3.62,0.03,0.01
6/1/12,83.05,3539628,59367295200,6831145,1.93,3.55,0.03,0.01
6/4/12,82.79,2899823,59207704640,6831145,1.92,3.54,0.03,0.01
6/5/12,82.59,3268965,59131378720,6831145,1.92,3.54,0.03,0.01
6/6/12,83.22,2785879,60602387360,6831145,1.97,3.63,0.03,0.01
6/7/12,85.59,3032459,61206056000,6831145,1.99,3.67,0.03,0.01
6/8/12,85.18,2146138,61552992000,6831145,2,3.69,0.03,0.01
6/11/12,86.54,2098182,60984016960,6687484,1.98,3.65,0.03,0.01
6/12/12,85.67,2570804,62059518560,6687484,2.02,3.72,0.03,0.01
6/13/12,86.3,2661862,61643195360,6687484,2.01,3.69,0.03,0.01
6/14/12,86.31,3334881,62149721920,6687484,2.02,3.72,0.03,0.01
6/15/12,87.57,4698585,62552167680,6687484,2.04,3.75,0.03,0.01
6/18/12,87.07,2950508,62461964320,6687484,2.03,3.74,0.03,0.01
6/19/12,87.82,3212441,62815839040,6687484,2.05,3.77,0.03,0.01
6/20/12,87.93,3446898,62621554880,6687484,2.04,3.75,0.03,0.01
6/21/12,88.04,3722791,62059518560,6687484,2.02,3.72,0.03,0.01
6/22/12,87.11,3035373,62128905760,6687484,2.02,3.72,0.03,0.01
6/25/12,85.87,2908851,61448911200,6687484,2,3.68,0.03,0.01
6/26/12,85.91,2389085,61677888960,7325518,2.01,3.7,0.03,0.01
6/27/12,86.39,2887799,62357883520,7325518,2.03,3.74,0.03,0.01
6/28/12,86.36,3267026,62357883520,7325518,2.03,3.74,0.03,0.01
6/29/12,88.62,4629577,64050931200,7325518,2.09,3.84,0.03,0.01
7/2/12,89.29,2291075,63828892160,7325518,2.08,3.83,0.03,0.01
7/3/12,89.11,1410302,64120318400,7325518,2.09,3.85,0.03,0.01
7/5/12,89.2,1924707,64030115040,7325518,2.09,3.84,0.03,0.01
7/6/12,88.81,2192891,63627669280,7325518,2.07,3.82,0.03,0.01
7/9/12,88.86,2600821,63606853120,7325518,2.07,3.81,0.03,0.01
7/10/12,89.08,3356780,63114204000,7325518,2.06,3.78,0.03,0.01
7/11/12,88.38,4208576,62836655200,6776684,2.05,3.77,0.03,0.01
7/12/12,86.6,4938263,61837479520,6776684,2.01,3.71,0.03,0.01
7/13/12,86.32,2599336,62656248480,6776684,2.04,3.76,0.03,0.01
7/16/12,88.12,2848066,63010123200,6776684,2.05,3.78,0.03,0.01
7/17/12,88.25,3078404,63620730560,6776684,2.07,3.82,0.03,0.01
7/18/12,88.75,4273227,64932148640,6776684,2.12,3.9,0.03,0.01
7/19/12,90.87,3355083,64904393760,6776684,2.12,3.89,0.03,0.01
7/20/12,90.18,3028175,64321541280,6776684,2.1,3.86,0.03,0.01
7/23/12,88.44,2434748,63884401920,6776684,2.08,3.83,0.03,0.01
7/24/12,89.28,2850342,63107265280,8057425,2.06,3.78,0.03,0.01
7/25/12,88.69,3541600,63461140000,8057425,2.07,3.81,0.03,0.01
7/26/12,90,4759333,64261864480,8057425,2.12,3.71,0.03,0.01
7/27/12,90.94,3915359,64804865490,8057425,2.14,3.76,0.03,0.01
7/30/12,91.41,2714837,64507598320,8057425,2.13,3.74,0.03,0.01
7/31/12,91,2720187,64473032370,8057425,2.13,3.74,0.03,0.01
8/1/12,91.65,2150123,64452292800,8057425,2.13,3.74,0.03,0.01
8/2/12,90.11,2949706,64145015520,8057425,2.1,3.8,0.03,0.01
8/3/12,91.03,2713432,65264952300,8057425,2.14,3.86,0.03,0.01
8/6/12,92,1858441,65064469790,8057425,2.13,3.85,0.03,0.01
8/7/12,91.7,1764759,65264952300,8057425,2.14,3.86,0.03,0.01
8/8/12,91.48,2022292,65216559970,8057425,2.14,3.86,0.03,0.01
8/9/12,91.5,1834838,65188907210,8003504,2.14,3.86,0.03,0.01
8/10/12,91.37,1755017,65672830510,8003504,2.15,3.89,0.03,0.01
8/13/12,92.29,2075391,65748875600,8003504,2.16,3.89,0.03,0.01
8/14/12,92.36,1843476,65679743700,8003504,2.15,3.89,0.03,0.01
8/15/12,92,1983395,65845660260,8003504,2.16,3.9,0.03,0.01
8/16/12,92.75,3395145,66675243060,8003504,2.19,3.95,0.03,0.01
8/17/12,93.93,3069513,67020902560,8003504,2.2,3.97,0.03,0.01
8/20/12,94,1640008,66778940910,8003504,2.19,3.96,0.03,0.01
8/21/12,93.98,2302988,66308843990,8003504,2.17,3.93,0.03,0.01
8/22/12,92.56,2463908,65942444920,8003504,2.16,3.91,0.03,0.01
8/23/12,92.65,1823757,65458521620,8003504,2.15,3.88,0.03,0.01
8/24/12,92.03,1945796,66046142770,8577128,2.17,3.91,0.03,0.01
8/27/12,92.92,1879969,65880226210,8577128,2.16,3.9,0.03,0.01
8/28/12,92.36,1913066,65679743700,8577128,2.15,3.89,0.03,0.01
8/29/12,92.5,1735933,65769615170,8577128,2.16,3.89,0.03,0.01
8/30/12,92.05,1729576,65306431440,8577128,2.14,3.87,0.03,0.01
8/31/12,92.44,1917265,65887139400,8577128,2.16,3.9,0.03,0.01
9/4/12,92.03,2532261,65251125920,8577128,2.14,3.86,0.03,0.01
9/5/12,91.92,2985428,65299518250,8577128,2.14,3.87,0.03,0.01
9/6/12,92.37,3223309,66357236320,8577128,2.18,3.93,0.03,0.01
9/7/12,93.38,3215341,66039229580,8577128,2.16,3.91,0.03,0.01
9/10/12,92.27,6356086,64552893730,8577128,2.11,3.82,0.03,0.01
9/11/12,90.73,2403421,64898553230,8577128,2.13,3.84,0.03,0.01
9/12/12,91.6,2409574,64649678390,9183243,2.12,3.83,0.03,0.01
9/13/12,90.92,2734203,65513827140,9183243,2.15,3.88,0.03,0.01
9/14/12,92.86,4993059,66841159620,9183243,2.19,3.96,0.03,0.01
9/17/12,93.66,3290255,66702895820,9183243,2.19,3.95,0.03,0.01
9/18/12,93.78,2477444,66460934170,9183243,2.18,3.94,0.03,0.01
9/19/12,92.88,2723431,66599197970,9183243,2.18,3.95,0.03,0.01
9/20/12,93.2,2075529,66564632020,9183243,2.18,3.94,0.03,0.01
9/21/12,94.06,9551168,66308843990,9183243,2.17,3.93,0.03,0.01
9/24/12,92.85,3037401,66668329870,9183243,2.19,3.95,0.03,0.01
9/25/12,93.95,3800943,66046142770,10226596,2.17,3.91,0.03,0.01
9/26/12,92.88,2612892,65880226210,10226596,2.16,3.9,0.03,0.01
9/27/12,92.89,2081502,66039229580,10226596,2.16,3.91,0.03,0.01
9/28/12,92.47,2559648,65762701980,10226596,2.16,3.89,0.03,0.01
10/1/12,92.9,3900861,66364149510,10226596,2.18,3.93,0.03,0.01
10/2/12,94.23,3602278,66536979260,10226596,2.18,3.94,0.03,0.01
10/3/12,93.81,2610234,66702895820,10226596,2.19,3.95,0.03,0.01
10/4/12,94.05,2531459,67152253170,10226596,2.2,3.98,0.02,0.01
10/5/12,94.74,3663528,67518652240,10226596,2.21,4,0.02,0.01
10/8/12,94.55,2607553,67802093030,10226596,2.22,4.02,0.02,0.01
10/9/12,95.29,2989484,66813506860,7742490,2.19,3.96,0.03,0.01
10/10/12,93.95,2561589,66357236320,7742490,2.18,3.93,0.03,0.01
10/11/12,93.86,2429144,66046142770,7742490,2.17,3.91,0.03,0.01
10/12/12,92.95,2566054,65990837250,7742490,2.16,3.91,0.03,0.01
10/15/12,92.71,2916265,66018490010,7742490,2.16,3.91,0.03,0.01
10/16/12,94.02,2857505,67013989370,7742490,2.2,3.97,0.03,0.01
10/17/12,94.94,3191747,67414954390,7742490,2.21,4,0.02,0.01
10/18/12,94.68,2538733,67366562060,7742490,2.21,3.99,0.02,0.01
10/19/12,94.61,3804542,66122187860,7742490,2.17,3.92,0.03,0.01
10/22/12,92.41,3131765,65838747070,7742490,2.16,3.9,0.03,0.01
10/23/12,89.67,5865955,62680734870,7742490,2.07,3.38,0.03,0.01
10/24/12,89.03,3321221,62499781090,8338520,2.07,3.37,0.03,0.01
10/25/12,88.57,4613856,62098461110,8338520,2.05,3.35,0.03,0.01
10/26/12,87.9,3592536,62250685930,8338520,2.06,3.36,0.03,0.01
10/31/12,88.03,3360373,61953155600,8338520,2.05,3.34,0.03,0.01
11/1/12,87.94,3306723,63591841750,8338520,2.09,3.5,0.03,0.01
11/2/12,89.61,3053147,63398101070,8338520,2.08,3.49,0.03,0.01
11/5/12,88.08,2387719,63834017600,8338520,2.09,3.51,0.03,0.01
11/6/12,89.95,2806033,64705850660,8338520,2.12,3.56,0.03,0.01
11/7/12,90.34,4593053,63681792780,8338520,2.09,3.51,0.03,0.01
11/8/12,89.11,3006022,63107490050,8338520,2.07,3.47,0.03,0.01
11/9/12,88.6,3176375,63287392110,8879429,2.08,3.48,0.03,0.01
11/12/12,88.96,2220003,63543406580,8879429,2.08,3.5,0.03,0.01
11/13/12,88.6,2985900,63474213480,8879429,2.08,3.49,0.03,0.01
11/14/12,89.17,2882788,62249495610,8879429,2.04,3.42,0.03,0.01
11/15/12,86.74,3291663,62740766620,8879429,2.06,3.45,0.03,0.01
11/16/12,88.12,5237021,63072893500,8879429,2.07,3.47,0.03,0.01
11/19/12,89.25,2688753,63813259670,8879429,2.09,3.51,0.03,0.01
11/20/12,89.08,2035039,63432697620,8879429,2.08,3.49,0.03,0.01
11/21/12,89.08,2011213,63377343140,8879429,2.08,3.49,0.03,0.01
11/23/12,89.29,1101101,64304530680,8879429,2.11,3.54,0.03,0.01
11/26/12,89.54,1910556,64173063790,8879429,2.11,3.53,0.03,0.01
11/27/12,90.19,2504126,64325288610,10421974,2.11,3.54,0.03,0.02
11/28/12,90.1,2426175,64754285830,10421974,2.13,3.57,0.03,0.02
11/29/12,91.35,2363932,64560545150,10421974,2.12,3.55,0.03,0.02
11/30/12,90.68,2285523,64768124450,10421974,2.13,3.57,0.03,0.02
12/3/12,91.41,1929335,64318369300,10421974,2.11,3.54,0.03,0.02
12/4/12,90.31,1969707,64193821720,10421974,2.11,3.53,0.03,0.02
12/5/12,90.3,2996936,64636657560,10421974,2.12,3.56,0.03,0.02
12/6/12,90.8,2027626,64768124450,10421974,2.13,3.57,0.03,0.02
12/7/12,91.24,2476371,65155605810,10421974,2.14,3.59,0.03,0.02
12/10/12,91.37,2847681,65404700970,10421974,2.15,3.6,0.03,0.02
12/11/12,92.65,3821863,66657096080,9758896,2.19,3.67,0.03,0.01
12/12/12,93.72,4064892,66269614720,9758896,2.18,3.65,0.03,0.01
12/13/12,92.95,2621381,65840617500,9758896,2.16,3.63,0.03,0.01
12/14/12,92,2708921,65688392680,9758896,2.16,3.62,0.03,0.01
12/17/12,92.39,2753624,66207340930,9758896,2.17,3.65,0.03,0.01
12/18/12,93.13,2799990,66774724350,9758896,2.19,3.68,0.03,0.01
12/19/12,93.92,3254766,66200421620,9758896,2.17,3.65,0.03,0.01
12/20/12,93.35,3290140,66968465030,9758896,2.2,3.69,0.03,0.01
12/21/12,92.78,5979526,66255776100,9758896,2.18,3.65,0.03,0.01
12/24/12,92.7,953351,66318049890,9758896,2.18,3.65,0.03,0.01
12/26/12,93.35,1542847,66235018170,10805124,2.18,3.65,0.03,0.02
12/27/12,93.11,2360928,65937487840,10805124,2.17,3.63,0.03,0.02
12/28/12,91.98,1877269,65342427180,10805124,2.15,3.6,0.03,0.02
12/31/12,91.55,2581287,66082793350,10805124,2.17,3.64,0.03,0.02
1/2/13,94.19,3206696,67418220180,10805124,2.22,3.72,0.02,0.02
1/3/13,94.34,2704535,67342107770,10805124,2.21,3.71,0.02,0.02
1/4/13,94.79,2704977,67826459470,10805124,2.23,3.74,0.02,0.02
1/7/13,95.02,2745801,67909491190,10805124,2.23,3.74,0.02,0.02
1/8/13,95.17,2656862,67916410500,10805124,2.23,3.75,0.02,0.02
1/9/13,95.87,2359647,68546067710,10805124,2.25,3.78,0.02,0.02
1/10/13,96.71,2600506,68878194590,10364060,2.26,3.8,0.02,0.01
1/11/13,95.84,2923882,68456116680,10364060,2.25,3.78,0.02,0.01
1/14/13,96.4,2592415,69009661480,10364060,2.27,3.81,0.02,0.01
1/15/13,96.83,2106367,69154966990,10364060,2.27,3.82,0.02,0.01
1/16/13,97,2092207,69369465600,10364060,2.28,3.83,0.02,0.01
1/17/13,97.79,2804355,69701592480,10364060,2.29,3.85,0.02,0.01
1/18/13,98.42,3190870,70158266940,10364060,2.31,3.87,0.02,0.01
1/22/13,98.39,3215623,70566506230,10364060,2.32,3.9,0.02,0.01
1/23/13,98.97,3579479,70677215190,10364060,2.33,3.9,0.02,0.01
1/24/13,99.38,3818233,70434762770,10364060,2.31,3.8,0.02,0.01
1/25/13,99.79,4237981,70584584280,10171052,2.31,3.83,0.02,0.01
1/28/13,100.98,2964918,70625809800,10171052,2.31,3.83,0.02,0.01
1/29/13,100.33,3530854,71422836520,10171052,2.34,3.88,0.02,0.01
1/30/13,101.8,2824376,70728873600,10171052,2.32,3.84,0.02,0.01
1/31/13,100.69,3765334,70557100600,10171052,2.31,3.83,0.02,0.01
2/1/13,101.44,3854478,71251063520,10171052,2.33,3.87,0.02,0.01
2/4/13,100.77,1987578,70708260840,10171052,2.32,3.84,0.02,0.01
2/5/13,101.31,2833033,71202967080,10171052,2.33,3.87,0.03,0.01
2/6/13,101.13,3510520,72027477480,10171052,2.36,3.91,0.02,0.01
2/7/13,102.65,2277503,71704544240,10171052,2.35,3.89,0.02,0.01
2/8/13,102.34,1937721,72006864720,10171052,2.36,3.91,0.02,0.01
2/11/13,102.39,1715444,71979381040,9961687,2.36,3.91,0.02,0.01
2/12/13,102.66,1928030,72556538320,9961687,2.38,3.94,0.02,0.01
2/13/13,103.03,1699804,72144283120,9961687,2.36,3.92,0.02,0.01
2/14/13,102.43,2217419,72923172200,9961687,2.37,4.02,0.02,0.01
2/15/13,103.06,2326159,73233667700,9961687,2.38,4.04,0.02,0.01
2/19/13,103.42,2988637,73889158200,9961687,2.4,4.07,0.02,0.01
2/20/13,104.18,2997192,73178468500,9961687,2.38,4.03,0.02,0.01
2/21/13,102.88,2758728,72881772800,9961687,2.37,4.02,0.02,0.01
2/22/13,102.99,2158013,73447564600,9961687,2.39,4.05,0.02,0.01
2/25/13,103.91,3023532,72212482500,9961687,2.35,3.98,0.02,0.01
2/26/13,102.11,2472815,72598876900,9961687,2.36,4,0.02,0.01
2/27/13,102.1,2353996,73468264300,9528237,2.39,4.05,0.02,0.01
2/28/13,103.6,2871517,73764960000,9528237,2.4,4.07,0.02,0.01
3/1/13,103.39,2660845,73606262300,9528237,2.39,4.06,0.02,0.01
3/4/13,103.51,2566248,73268167200,9528237,2.38,4.04,0.02,0.01
3/5/13,103.76,2632138,74075455500,9528237,2.41,4.08,0.02,0.01
3/6/13,104.73,3470336,74220353400,9528237,2.41,4.09,0.02,0.01
3/7/13,104.8,1878552,74137554600,9528237,2.41,4.09,0.02,0.01
3/8/13,105,2358400,74944842900,9528237,2.44,4.13,0.02,0.01
3/11/13,105.33,1721231,75013841900,9766919,2.44,4.14,0.02,0.01
3/12/13,105.82,2226779,74544648700,9766919,2.43,4.11,0.02,0.01
3/13/13,105.13,2059778,74517049100,9766919,2.42,4.11,0.02,0.01
3/14/13,105.33,2207208,75158739800,9766919,2.45,4.14,0.02,0.01
3/15/13,105.9,5149751,75420936000,9766919,2.46,4.16,0.02,0.01
3/18/13,105.23,1811381,74737845900,9766919,2.43,4.12,0.02,0.01
3/19/13,105.83,3212836,74579148200,9766919,2.43,4.11,0.02,0.01
3/20/13,105.91,1799845,74910343400,9766919,2.44,4.13,0.02,0.01
3/21/13,105.39,1937925,74413550600,9766919,2.42,4.1,0.02,0.01
3/22/13,105.1,2409704,75434735800,9766919,2.46,4.16,0.02,0.01
3/25/13,106.53,3739146,74572248300,9766919,2.43,4.11,0.02,0.01
3/26/13,105.41,1893455,75193239300,11356593,2.45,4.15,0.02,0.02
3/27/13,105.35,2129667,74655047100,11356593,2.43,4.12,0.02,0.02
3/28/13,105.67,2276617,75441120840,11356593,2.46,4.16,0.02,0.02
4/1/13,106,1685379,74985216600,11356593,2.44,4.13,0.02,0.02
4/2/13,105.8,2097792,75586181280,11356593,2.46,4.16,0.02,0.02
4/3/13,106.6,3278809,75005939520,11356593,2.44,4.13,0.02,0.02
4/4/13,105.82,1771217,75102646480,11356593,2.44,4.14,0.02,0.02
4/5/13,104.45,2477762,75075015920,11356593,2.44,4.14,0.02,0.02
4/8/13,105.86,1947664,75054293000,11356593,2.44,4.13,0.02,0.02
4/9/13,106,2370519,75192445800,9930315,2.45,4.14,0.02,0.01
4/10/13,106.09,3262930,76394375160,9930315,2.49,4.21,0.02,0.01
4/11/13,107.86,2138177,76781203000,9930315,2.5,4.23,0.02,0.01
4/12/13,107.89,2111387,76387467520,9930315,2.49,4.21,0.02,0.01
4/15/13,107.15,3677319,75061200640,9930315,2.44,4.13,0.02,0.01
4/16/13,106.69,2636835,75330598600,9930315,2.45,4.15,0.02,0.01
4/17/13,105.47,3155340,74867786720,9930315,2.44,4.12,0.02,0.01
4/18/13,105.84,3145693,74522404720,9930315,2.42,4.1,0.02,0.01
4/19/13,105.31,3323701,75026662440,9930315,2.44,4.13,0.02,0.01
4/22/13,105.71,2646729,75088831200,9930315,2.44,4.14,0.02,0.01
4/23/13,106.24,3209853,76187145960,9930315,2.48,4.2,0.02,0.01
4/24/13,107.61,3238213,76518712680,11459390,2.49,4.22,0.02,0.02
4/25/13,104.46,9027591,74007328320,11459390,2.41,3.91,0.02,0.02
4/26/13,104.97,3359384,73195339050,11459390,2.38,3.87,0.02,0.02
4/29/13,103.91,2904308,73222946850,11459390,2.38,3.87,0.02,0.02
4/30/13,103.98,3769701,73830318450,11459390,2.4,3.9,0.02,0.02
5/1/13,104.78,3258868,73719887250,11459390,2.4,3.89,0.02,0.02
5/2/13,105.04,3120040,75194277800,11459390,2.44,4.05,0.02,0.02
5/3/13,106.96,3013051,76429726850,11459390,2.48,4.12,0.02,0.02
5/6/13,107.63,2174314,76436628800,11459390,2.48,4.12,0.02,0.02
5/7/13,107.61,2235501,76553961950,11459390,2.48,4.12,0.02,0.02
5/8/13,108.03,2654353,76685099000,11459390,2.48,4.13,0.02,0.02
5/9/13,108.11,4486923,77872234400,12398299,2.52,4.2,0.02,0.02
5/10/13,110.08,2993677,78258743600,12398299,2.54,4.22,0.02,0.02
5/13/13,109.99,2045528,78272547500,12398299,2.54,4.22,0.02,0.02
5/14/13,110.32,2482692,78334665050,12398299,2.54,4.22,0.02,0.02
5/15/13,110.4,2912537,78962742500,12398299,2.56,4.26,0.02,0.02
5/16/13,111.21,2686408,78665958650,12398299,2.55,4.24,0.02,0.02
5/17/13,111.16,4060681,78886821050,12398299,2.56,4.25,0.02,0.02
5/20/13,111.13,2457246,79114585400,12398299,2.57,4.26,0.02,0.02
5/21/13,112.11,2474001,79314741950,12398299,2.57,4.28,0.02,0.02
5/22/13,111.59,3833486,78472704050,12398299,2.54,4.23,0.02,0.02
5/23/13,110.06,2568315,78210429950,12398299,2.54,4.21,0.02,0.02
5/24/13,109.86,2228321,78113802650,12576717,2.53,4.21,0.02,0.02
5/28/13,111.15,2721946,79024860050,12576717,2.56,4.26,0.02,0.02
5/29/13,111.04,2113583,78707370350,12576717,2.55,4.24,0.02,0.02
5/30/13,111.34,2599268,78907526900,12576717,2.56,4.25,0.02,0.02
5/31/13,110.79,3209475,78113802650,12576717,2.53,4.21,0.02,0.02
6/3/13,110.7,2647852,78348468950,12576717,2.54,4.22,0.02,0.02
6/4/13,110.65,2508594,77941253900,12576717,2.53,4.2,0.02,0.02
6/5/13,109.8,2690309,76954275050,12576717,2.49,4.14,0.02,0.02
6/6/13,108.46,2681195,77009490650,12576717,2.5,4.15,0.02,0.02
6/7/13,109.38,3376913,78693566450,12576717,2.55,4.24,0.02,0.02
6/10/13,111.41,2224123,78486507950,12576717,2.54,4.23,0.02,0.02
6/11/13,109.9,1752156,78079292900,11450824,2.53,4.21,0.02,0.02
6/12/13,110.99,2400667,77257960850,11450824,2.5,4.16,0.02,0.02
6/13/13,108.95,2604119,78755684000,11450824,2.55,4.24,0.02,0.02
6/14/13,111.3,2016784,78638350850,11450824,2.55,4.24,0.02,0.02
6/17/13,111.85,2617737,79245722450,11450824,2.57,4.27,0.02,0.02
6/18/13,112.07,1695374,79977329150,11450824,2.59,4.31,0.02,0.02
6/19/13,112.96,1972177,79011056150,11450824,2.56,4.26,0.02,0.02
6/20/13,110.71,2975586,77085412100,11450824,2.5,4.15,0.02,0.02
6/21/13,109.5,4674703,77644470050,11450824,2.52,4.18,0.02,0.02
6/24/13,108.78,3602590,76201962500,11450824,2.47,4.1,0.02,0.02
6/25/13,108.2,2677161,76712706800,11969103,2.49,4.13,0.02,0.02
6/26/13,109.07,2525705,77706587600,11969103,2.52,4.19,0.02,0.02
6/27/13,110.54,2232561,78093096800,11969103,2.53,4.21,0.02,0.02
6/28/13,109.86,3429861,77478823250,11969103,2.51,4.17,0.02,0.02
7/1/13,108.37,2668810,77451215450,11969103,2.51,4.17,0.02,0.02
7/2/13,109.05,3008715,77050902350,11969103,2.5,4.15,0.02,0.02
7/3/13,108.28,1364138,77547842750,11969103,2.51,4.18,0.02,0.02
7/5/13,110.37,2064442,78990350300,11969103,2.56,4.26,0.02,0.02
7/8/13,112,2572605,79397565350,11969103,2.58,4.28,0.02,0.02
7/9/13,113.09,2196198,80239603250,11969103,2.6,4.33,0.02,0.02
7/10/13,113.38,2306274,80294818850,12100870,2.61,4.33,0.02,0.02
7/11/13,114.36,2387481,81054033350,12100870,2.63,4.37,0.02,0.02
7/12/13,114.57,2291971,81475052300,12100870,2.64,4.39,0.02,0.02
7/15/13,115.14,2064596,81274895750,12100870,2.64,4.38,0.02,0.02
7/16/13,114.99,2458369,80922896300,12100870,2.63,4.36,0.02,0.02
7/17/13,114.97,2096714,81129954800,12100870,2.63,4.38,0.02,0.02
7/18/13,114.61,2945741,81709718600,12100870,2.65,4.41,0.02,0.02
7/19/13,115.34,3093840,82199757050,12100870,2.67,4.44,0.02,0.02
7/22/13,116,2823478,82261874600,12100870,2.67,4.44,0.02,0.02
7/23/13,116.44,2254488,82586266250,12100870,2.68,4.46,0.02,0.02
7/24/13,117.07,1809468,82296384350,12528406,2.67,4.44,0.02,0.02
7/25/13,115.3,3346643,82136227250,12528406,2.66,4.35,0.02,0.02
7/26/13,116.17,2332171,81598243880,12528406,2.64,4.36,0.02,0.02
7/29/13,116.41,1460394,81393203480,12528406,2.63,4.35,0.02,0.02
7/30/13,116.9,2285234,81550401120,12528406,2.64,4.36,0.02,0.02
7/31/13,117.13,2693963,81953647240,12528406,2.65,4.38,0.02,0.02
8/1/13,118.38,2996921,83066445880,12528406,2.67,4.53,0.02,0.02
8/2/13,117.98,1902568,82963925680,12528406,2.67,4.52,0.02,0.02
8/5/13,118.17,1351794,82731546560,12528406,2.66,4.51,0.02,0.02
8/6/13,117.82,1841126,82444490000,12528406,2.65,4.49,0.02,0.02
8/7/13,117.3,1934049,82670034440,12528406,2.66,4.51,0.02,0.02
8/8/13,118.27,2380613,83250982240,12528406,2.68,4.54,0.02,0.02
8/9/13,118.73,2460101,82998099080,12821473,2.67,4.52,0.02,0.02
8/12/13,118,1647357,83045941840,12821473,2.67,4.53,0.02,0.02
8/13/13,118.52,2023882,83244147560,12821473,2.68,4.54,0.02,0.02
8/14/13,118.9,2021385,82526506160,12821473,2.66,4.5,0.02,0.02
8/15/13,116.92,1994897,81316767800,12821473,2.62,4.43,0.02,0.02
8/16/13,115.68,2332915,81350941200,12821473,2.62,4.43,0.02,0.02
8/19/13,115.83,1830929,81152735480,12821473,2.61,4.42,0.02,0.02
8/20/13,115.52,2153925,81022876560,12821473,2.61,4.41,0.02,0.02
8/21/13,114.79,2293686,79655940560,12821473,2.56,4.34,0.02,0.02
8/22/13,113.61,2002010,80510275560,12821473,2.59,4.38,0.02,0.02
8/23/13,114.76,1953688,80325739200,12821473,2.58,4.37,0.02,0.02
8/26/13,114.38,1816978,80277896440,12277043,2.58,4.37,0.02,0.02
8/27/13,113.41,1916148,79184347640,12277043,2.55,4.31,0.02,0.02
8/28/13,112.51,1545807,79368884000,12277043,2.55,4.32,0.02,0.02
8/29/13,112.87,1457228,79587593760,12277043,2.56,4.33,0.02,0.02
8/30/13,113.61,2205589,79765295440,12277043,2.56,4.34,0.02,0.02
9/3/13,114.57,2168174,79519246960,12277043,2.56,4.33,0.02,0.02
9/4/13,113.08,2313043,80428259400,12277043,2.59,4.38,0.02,0.02
9/5/13,114.35,1954308,80646969160,12277043,2.59,4.39,0.02,0.02
9/6/13,115.09,1965563,80763158720,12277043,2.6,4.4,0.02,0.02
9/9/13,115.63,1976769,81925054320,12277043,2.64,4.46,0.02,0.02
9/10/13,117.31,2572759,82506002120,12277043,2.66,4.5,0.02,0.02
9/11/13,117.63,1890470,83271486280,11275296,2.68,4.54,0.02,0.02
9/12/13,118.8,2399833,82922917600,11275296,2.67,4.52,0.02,0.02
9/13/13,118.49,1973296,83196304800,11275296,2.68,4.53,0.02,0.02
9/16/13,119.79,2758726,83626889640,11275296,2.69,4.56,0.02,0.02
9/17/13,119.07,2436138,84105317240,11275296,2.71,4.59,0.02,0.02
9/18/13,120.25,3307746,85034833720,11275296,2.74,4.64,0.02,0.02
9/19/13,121.15,2912330,85226204760,11275296,2.74,4.65,0.02,0.02
9/20/13,121.5,7008259,84159994680,11275296,2.71,4.59,0.02,0.02
9/23/13,120.43,3468547,84911809480,11275296,2.73,4.63,0.02,0.02
9/24/13,121.24,3585129,84699934400,11133551,2.73,4.62,0.02,0.02
9/25/13,120.89,2173719,84289853600,11133551,2.71,4.6,0.02,0.02
9/26/13,120.6,2240949,84604248880,11133551,2.72,4.61,0.02,0.02
9/27/13,119.97,2028123,84303522960,11133551,2.71,4.6,0.02,0.02
9/30/13,119.39,2104698,83749913880,11133551,2.7,4.57,0.02,0.02
10/1/13,119.69,1856327,83893442160,11133551,2.7,4.57,0.02,0.02
10/2/13,119.13,2056649,83606385600,11133551,2.69,4.56,0.02,0.02
10/3/13,118.71,2525828,83162131400,11133551,2.68,4.53,0.02,0.02
10/4/13,118.37,1983719,83743079200,11133551,2.7,4.57,0.02,0.02
10/7/13,118.56,1931239,83257816920,11133551,2.68,4.54,0.02,0.02
10/8/13,118.72,2869006,82212110880,11133551,2.65,4.48,0.02,0.02
10/9/13,117.27,2499269,82492332760,11409440,2.65,4.5,0.02,0.02
10/10/13,118.6,2688938,83702071120,11409440,2.69,4.56,0.02,0.02
10/11/13,119.16,2492704,84645256960,11409440,2.73,4.62,0.02,0.02
10/14/13,120.26,1866804,85110015200,11409440,2.74,4.64,0.02,0.02
10/15/13,121.28,2720720,84030135760,11409440,2.71,4.58,0.02,0.02
10/16/13,120.86,2646400,84795619920,11409440,2.73,4.62,0.02,0.02
10/17/13,120.74,2791719,85943846160,11409440,2.77,4.69,0.02,0.02
10/18/13,122.87,2590546,86094209120,11409440,2.77,4.7,0.02,0.02
10/21/13,122.79,1762181,86374431000,11409440,2.78,4.71,0.02,0.02
10/22/13,123.36,2054178,86750338400,11409440,2.8,4.73,0.02,0.02
10/23/13,123.43,2337493,86340257600,11409440,2.78,4.71,0.02,0.02
10/24/13,122.96,3851061,86867463320,10865157,2.75,4.56,0.02,0.02
10/25/13,123.05,2054269,86234253400,10865157,2.73,4.59,0.02,0.02
10/28/13,124.13,2360803,86570888400,10865157,2.74,4.61,0.02,0.02
10/29/13,125.08,1986724,86813265600,10865157,2.75,4.62,0.02,0.02
10/30/13,125.57,2112339,86483363300,10865157,2.74,4.6,0.02,0.02
10/31/13,124.97,2331692,87653029500,10865157,2.76,4.76,0.02,0.02
11/1/13,126.76,1676596,87686693000,10865157,2.76,4.76,0.02,0.02
11/4/13,125.98,1741465,87969466400,10865157,2.77,4.78,0.02,0.02
11/5/13,125.75,1764260,87834812400,10865157,2.77,4.77,0.02,0.02
11/6/13,126.46,1911624,88514815100,10865157,2.79,4.81,0.02,0.02
11/7/13,127.15,3188896,88030060700,10865157,2.77,4.78,0.02,0.02
11/8/13,126.03,2234273,89093827300,10865157,2.81,4.84,0.02,0.02
11/11/13,127.54,1751487,89066896500,10861852,2.81,4.84,0.02,0.02
11/12/13,128.15,2428596,89342937200,10861852,2.82,4.86,0.02,0.02
11/13/13,127.86,2426280,89497789300,10861852,2.82,4.86,0.02,0.02
11/14/13,128.97,2569809,90305713300,10861852,2.85,4.91,0.02,0.02
11/15/13,129.15,2360393,90346109500,10861852,2.85,4.91,0.02,0.02
11/18/13,129.91,2148174,90534625100,10861852,2.85,4.92,0.02,0.02
11/19/13,130.02,2532503,90480763500,10861852,2.85,4.92,0.02,0.02
11/20/13,129.5,2691794,89895018600,10861852,2.83,4.89,0.02,0.02
11/21/13,129.69,1576647,90682744500,10861852,2.86,4.93,0.02,0.02
11/22/13,130.36,1644799,91133835400,10861852,2.87,4.96,0.02,0.02
11/25/13,131.8,2496334,91275222100,10861852,2.88,4.96,0.02,0.02
11/26/13,131.45,4229577,91894630500,12054973,2.9,5,0.02,0.02
11/27/13,132.63,2433546,92803545000,12054973,2.93,5.05,0.02,0.02
11/29/13,133.51,2029049,92810277700,12054973,2.93,5.05,0.02,0.02
12/2/13,131.67,6901333,88885113600,12054973,2.8,4.83,0.02,0.02
12/3/13,126.06,7865043,88157982000,12054973,2.78,4.79,0.02,0.02
12/4/13,125.95,3455951,88063724200,12054973,2.77,4.78,0.02,0.02
12/5/13,126.4,2842740,88312834100,12054973,2.78,4.8,0.02,0.02
12/6/13,128.19,2886135,89511254700,12054973,2.82,4.87,0.02,0.02
12/9/13,128.8,2064407,89484323900,12054973,2.82,4.86,0.02,0.02
12/10/13,128.07,2353154,88797588500,10825646,2.8,4.83,0.02,0.02
12/11/13,128.74,3897498,88272437900,10825646,2.78,4.8,0.02,0.02
12/12/13,126.63,2486721,88144516600,10825646,2.78,4.79,0.02,0.02
12/13/13,126.65,1743444,88043526100,10825646,2.77,4.78,0.02,0.02
12/16/13,126.77,2805302,88871648200,10825646,2.8,4.83,0.02,0.02
12/17/13,130.42,6212275,91382945300,10825646,2.88,4.97,0.03,0.02
12/18/13,131.48,5580201,93261863600,10825646,2.94,5.14,0.03,0.02
12/19/13,135.06,4081024,93667661220,10825646,2.96,5.16,0.03,0.02
12/20/13,136.78,5856853,93873886240,10825646,2.96,5.17,0.03,0.02
12/23/13,137.1,3443556,93927105600,10825646,2.97,5.18,0.03,0.02
12/24/13,137.23,1311676,94053501580,7887658,2.97,5.18,0.02,0.01
12/26/13,137.3,2158185,94918316180,7887658,3,5.23,0.02,0.01
12/27/13,138.78,1895102,95623472700,7887658,3.02,5.27,0.02,0.01
12/30/13,139.08,1714254,95670039640,7887658,3.02,5.27,0.02,0.01
12/31/13,140,1846529,96222190500,7887658,3.04,5.31,0.02,0.01
1/2/14,138.05,3053521,94811877460,7887658,2.99,5.23,0.02,0.01
1/3/14,138.37,2133336,95024754900,7887658,3,5.24,0.02,0.01
1/6/14,138.75,2712055,94479256460,7887658,2.98,5.21,0.02,0.01
1/7/14,137.45,2525529,94492561300,7887658,2.98,5.21,0.02,0.01
1/8/14,137.48,3122674,93814014460,7887658,2.96,5.17,0.03,0.01
1/9/14,137.02,2539952,93694270900,7887658,2.96,5.16,0.03,0.01
1/10/14,136.95,3254329,93514655560,7010222,2.95,5.15,0.03,0.01
1/13/14,135.81,2633428,92516792560,7010222,2.92,5.1,0.03,0.01
1/14/14,135.11,2480170,94332903220,7010222,2.98,5.2,0.02,0.01
1/15/14,137.77,3043498,95018102480,7010222,3,5.24,0.02,0.01
1/16/14,137.74,1792677,94831834720,7010222,2.99,5.23,0.02,0.01
1/17/14,137.98,2335555,94266379020,7010222,2.98,5.19,0.02,0.01
1/21/14,138.45,2705751,94053501580,7010222,2.97,5.18,0.02,0.01
1/22/14,137.35,2118966,93714228160,7010222,2.96,5.16,0.03,0.01
1/23/14,135.64,2720254,92536749820,7010222,2.92,5.1,0.03,0.01
1/24/14,133.73,3784000,89549813240,7010222,2.82,4.93,0.03,0.01
1/27/14,130.02,3313315,88711608320,6297078,2.8,4.88,0.03,0.01
1/28/14,129.43,2734536,89277064020,6297078,2.81,4.91,0.03,0.01
1/29/14,130.1,3585136,89569770500,6297078,2.82,4.93,0.03,0.01
1/30/14,129.96,4103794,87856238100,6297078,2.76,4.73,0.03,0.01
1/31/14,126.6,3715366,87699914240,6297078,2.75,4.74,0.03,0.01
2/3/14,128.22,4245704,84854374400,6297078,2.66,4.58,0.03,0.01
2/4/14,126.09,7423602,86724869120,6297078,2.72,4.68,0.03,0.01
2/5/14,128.01,4960130,87149378560,6297078,2.74,4.71,0.03,0.01
2/6/14,127.6,3828431,88170854400,6297078,2.77,4.76,0.03,0.01
2/7/14,129.57,3271820,89119367680,6297078,2.8,4.82,0.03,0.01
2/10/14,129.65,3317360,88701491200,6297078,2.79,4.79,0.03,0.01
2/11/14,129.7,2604237,89550510080,5749290,2.81,4.84,0.03,0.01
2/12/14,130.34,2100646,89192330240,5749290,2.8,4.82,0.03,0.01
2/13/14,129.29,2850607,89497341440,5749290,2.8,4.93,0.03,0.01
2/14/14,129.77,3031589,90730867040,5749290,2.84,5.01,0.03,0.01
2/18/14,132.31,2876570,90518805600,5749290,2.83,4.99,0.03,0.01
2/19/14,131.33,2719359,89697067520,5749290,2.8,4.95,0.03,0.01
2/20/14,130.65,2155829,90359759520,5749290,2.82,4.99,0.03,0.01
2/21/14,131.56,2574269,90366386440,5749290,2.82,4.99,0.03,0.01
2/24/14,131.89,2454286,90783882400,5749290,2.84,5.01,0.03,0.01
2/25/14,132.27,2865583,91267647560,5749290,2.85,5.04,0.03,0.01
2/26/14,133.13,2771103,91221259120,6138589,2.85,5.04,0.03,0.01
2/27/14,132.63,3123972,92202043280,6138589,2.88,5.09,0.03,0.01
2/28/14,134.19,3179708,92460493160,6138589,2.89,5.11,0.03,0.01
3/3/14,133.07,2814779,90790509320,6138589,2.84,5.01,0.03,0.01
3/4/14,131.92,6975609,91101974560,6138589,2.85,5.03,0.03,0.01
3/5/14,132.66,3551443,91877324200,6138589,2.87,5.07,0.03,0.01
3/6/14,134.37,2236816,92029743360,6138589,2.88,5.08,0.03,0.01
3/7/14,134.88,2381391,92049624120,6138589,2.88,5.08,0.03,0.01
3/10/14,133.98,1966251,91685143520,6138589,2.87,5.06,0.03,0.01
3/11/14,133.73,1928934,90989316920,6184498,2.84,5.02,0.03,0.01
3/12/14,132.07,2636985,91029078440,6184498,2.85,5.02,0.03,0.01
3/13/14,133.19,2520817,89862740520,6184498,2.81,4.96,0.03,0.01
3/14/14,130.08,2975110,89213302360,6184498,2.79,4.92,0.03,0.01
3/17/14,130.66,2529436,90830270840,6184498,2.84,5.01,0.03,0.01
3/18/14,132.49,2032836,91141736080,6184498,2.85,5.03,0.03,0.01
3/19/14,132.75,2141027,90141071160,6184498,2.82,4.97,0.03,0.01
3/20/14,131.15,2577475,90936301560,6184498,2.84,5.02,0.03,0.01
3/21/14,133.58,5920375,91393559040,6184498,2.86,5.05,0.03,0.01
3/24/14,133.32,2799616,90929674640,6184498,2.84,5.02,0.03,0.01
3/25/14,133.66,2898123,92016489520,7007433,2.88,5.08,0.03,0.01
3/26/14,134.66,2318889,91373678280,7007433,2.86,5.04,0.03,0.01
3/27/14,132.82,2409787,90559214720,7007433,2.83,5.03,0.03,0.01
3/28/14,133.58,1906496,91453833600,7007433,2.86,5.09,0.03,0.01
3/31/14,134.61,2711953,92414233280,7007433,2.89,5.14,0.03,0.01
4/1/14,135.88,2371045,92986526240,7007433,2.91,5.17,0.03,0.01
4/2/14,135.99,3281384,92637888000,7007433,2.9,5.15,0.03,0.01
4/3/14,136.22,2677221,92729981120,7007433,2.9,5.16,0.03,0.01
4/4/14,136.9,2735319,92545794880,7007433,2.89,5.15,0.03,0.01
4/7/14,135.81,2807517,91585395200,7007433,2.86,5.09,0.03,0.01
4/8/14,134.44,2893573,91874830720,7007433,2.87,5.11,0.03,0.01
4/9/14,135,2671878,92532638720,7655186,2.89,5.15,0.03,0.01
4/10/14,135.73,2857305,91302537760,7655186,2.85,5.08,0.03,0.01
4/11/14,133.37,2368364,90263201120,7655186,2.82,5.02,0.03,0.01
4/14/14,133.45,2058107,90763135200,7655186,2.84,5.05,0.03,0.01
4/15/14,133.27,2119044,91381474720,7655186,2.86,5.08,0.03,0.01
4/16/14,135.17,2135337,93144400160,7655186,2.91,5.18,0.03,0.01
4/17/14,137.3,2645619,93775895840,7655186,2.93,5.22,0.02,0.01
4/21/14,137.25,1781138,94361344960,7655186,2.95,5.25,0.02,0.01
4/22/14,138.5,2252491,94538953120,7655186,2.96,5.26,0.02,0.01
4/23/14,138.81,2847591,93946925920,7655186,2.94,5.23,0.02,0.01
4/24/14,136.38,2847809,93652463200,7655186,2.89,4.99,0.03,0.01
4/25/14,136.5,2093074,93111203680,7604197,2.88,4.98,0.03,0.01
4/28/14,137.43,2244309,93549569940,7604197,2.89,5.01,0.02,0.01
4/29/14,137.87,1820903,93758938900,7604197,2.9,5.02,0.02,0.01
4/30/14,137.63,2906766,94766527020,7604197,2.93,5.08,0.02,0.01
5/1/14,139.5,3997985,96367885180,7604197,2.97,5.28,0.02,0.01
5/2/14,141.63,5758462,95916433360,7604197,2.95,5.25,0.02,0.01
5/5/14,139.14,2711091,96237029580,7604197,2.96,5.27,0.02,0.01
5/6/14,140.28,2299671,95373382620,7604197,2.93,5.22,0.02,0.01
5/7/14,139.98,2238499,96583796920,7604197,2.97,5.29,0.02,0.01
5/8/14,140.88,1939407,96380970740,7604197,2.97,5.28,0.02,0.01
5/9/14,140.56,2092997,96714652520,8478228,2.98,5.3,0.02,0.01
5/12/14,141.78,2972085,97682983960,8478228,3.01,5.36,0.02,0.01
5/13/14,143,1695439,97427815540,8478228,3,5.34,0.02,0.01
5/14/14,142.48,2113403,96884764800,8478228,2.98,5.31,0.02,0.01
5/15/14,141.56,2388376,96479112440,8478228,2.97,5.29,0.02,0.01
5/16/14,140.93,1901726,96577254140,8478228,2.97,5.29,0.02,0.01
5/19/14,140.07,1529159,96930564260,8478228,2.98,5.31,0.02,0.01
5/20/14,141.6,1845131,95988403940,8478228,2.95,5.26,0.02,0.01
5/21/14,139.77,1641048,96269743480,8478228,2.96,5.27,0.02,0.01
5/22/14,140.71,1550242,96040746180,8478228,2.95,5.26,0.02,0.01
5/23/14,140.23,1209384,96583796920,8478228,2.97,5.29,0.02,0.01
5/27/14,141.5,1512336,96780080320,8549476,2.98,5.3,0.02,0.01
5/28/14,141.81,1566124,96773537540,8549476,2.98,5.3,0.02,0.01
5/29/14,141.5,1624138,97401644420,8549476,3,5.34,0.02,0.01
5/30/14,142.11,3908258,97506328900,8549476,3,5.35,0.02,0.01
6/2/14,142.27,1682363,97355844960,8549476,3,5.34,0.02,0.01
6/3/14,142.08,2061733,97728783420,8549476,3.01,5.36,0.02,0.01
6/4/14,142.91,1335673,97316588280,8549476,3,5.33,0.02,0.01
6/5/14,142.76,1542282,98265291380,8549476,3.03,5.39,0.02,0.01
6/6/14,143.99,1769660,98873769920,8549476,3.05,5.42,0.02,0.01
6/9/14,144.64,1800929,99318678960,8549476,3.06,5.45,0.02,0.01
6/10/14,144.97,1699958,99089681660,7482747,3.05,5.44,0.02,0.01
6/11/14,144.66,1489897,98723285980,7482747,3.04,5.42,0.02,0.01
6/12/14,144.95,1839500,97846553460,7482747,3.01,5.36,0.02,0.01
6/13/14,143.19,1376210,98036294080,7482747,3.02,5.38,0.02,0.01
6/16/14,142.93,1274286,98010122960,7482747,3.02,5.37,0.02,0.01
6/17/14,143.01,1209437,98252205820,7482747,3.03,5.39,0.02,0.01
6/18/14,143.93,1340743,98670943740,7482747,3.04,5.41,0.02,0.01
6/19/14,144.53,1560479,98775628220,7482747,3.04,5.42,0.02,0.01
6/20/14,144.54,4204666,99213994480,7482747,3.06,5.44,0.02,0.01
6/23/14,145.1,1390232,98513917020,7482747,3.03,5.4,0.02,0.01
6/24/14,143.71,1404566,97859639020,7981965,3.01,5.37,0.02,0.01
6/25/14,143,1321768,98226034700,7981965,3.03,5.39,0.02,0.01
6/26/14,143.75,1490908,98278376940,7981965,3.03,5.39,0.02,0.01
6/27/14,143.17,1981763,98252205820,7981965,3.03,5.39,0.02,0.01
6/30/14,143.92,1878415,97957780720,7981965,3.02,5.37,0.02,0.01
7/1/14,143.41,1767594,98821427680,7981965,3.04,5.42,0.02,0.01
7/2/14,144.23,1621309,99259793940,7981965,3.06,5.45,0.02,0.01
7/3/14,145.25,1142241,99377563980,7981965,3.06,5.45,0.02,0.01
7/7/14,145.48,1257923,99050424980,7981965,3.05,5.43,0.02,0.01
7/8/14,145.22,1596826,98821427680,7981965,3.04,5.42,0.02,0.01
7/9/14,144.78,1521771,98899941040,7981965,3.05,5.43,0.02,0.01
7/10/14,143.5,2070061,98383061420,7932816,3.03,5.4,0.02,0.01
7/11/14,144.14,1907924,98657858180,7932816,3.04,5.41,0.02,0.01
7/14/14,144.99,2114592,99109310000,7932816,3.05,5.44,0.02,0.01
7/15/14,145,1955732,99148566680,7932816,3.05,5.44,0.02,0.01
7/16/14,145.28,1971812,99874815260,7932816,3.08,5.48,0.02,0.01
7/17/14,145.33,2778988,98154064120,7932816,3.02,5.38,0.02,0.01
7/18/14,143.83,2132969,98998082740,7932816,3.05,5.43,0.02,0.01
7/21/14,144.66,1520875,98651315400,7932816,3.04,5.41,0.02,0.01
7/22/14,144.89,1608162,99187823360,7932816,3.06,5.44,0.02,0.01
7/23/14,145.34,1849659,98899941040,7932816,3.05,5.43,0.02,0.01
7/24/14,145.51,2580146,98919366140,7943411,3.02,5.27,0.02,0.01
7/25/14,145.66,1601797,97997261280,7943411,2.99,5.27,0.02,0.01
7/28/14,144.92,2002176,98262928570,7943411,3,5.28,0.02,0.01
7/29/14,145.22,2288993,97284495380,7943411,2.97,5.23,0.02,0.01
7/30/14,144.26,2458395,97103064060,7943411,2.96,5.22,0.02,0.01
7/31/14,143.33,3572440,95750352410,7943411,2.9,5.26,0.02,0.01
8/1/14,140.15,2505780,95244936590,7943411,2.89,5.23,0.02,0.01
8/4/14,140.15,2494476,95659636750,7943411,2.9,5.26,0.02,0.01
8/5/14,140.62,2168828,95031106820,7943411,2.88,5.22,0.02,0.01
8/6/14,139.14,2678975,94882073950,7943411,2.88,5.21,0.02,0.01
8/7/14,140.05,1892551,94609926970,7943411,2.87,5.19,0.02,0.01
8/8/14,139.3,2702551,95724433650,7943411,2.9,5.26,0.02,0.01
8/11/14,140.93,1919082,95549482020,7889489,2.9,5.25,0.02,0.01
8/12/14,140.62,2176055,95743872720,7889489,2.9,5.26,0.02,0.01
8/13/14,141.35,3104251,96340004200,7889489,2.92,5.29,0.02,0.01
8/14/14,142,1586871,96689907460,7889489,2.93,5.31,0.02,0.01
8/15/14,142.81,1960967,96417760480,7889489,2.92,5.3,0.02,0.01
8/18/14,142.75,1855474,97843292280,7889489,2.97,5.38,0.02,0.01
8/19/14,144.47,1593001,97927528250,7889489,2.97,5.39,0.02,0.01
8/20/14,143.86,2298805,98154317400,7889489,2.98,5.4,0.02,0.01
8/21/14,144.78,1475752,98089520500,7889489,2.98,5.4,0.02,0.01
8/22/14,144.5,1547543,97849771970,7889489,2.97,5.38,0.02,0.01
8/25/14,144.66,1013114,98219114300,7889489,2.98,5.4,0.02,0.01
8/26/14,145,1816025,98154317400,8069255,2.98,5.4,0.02,0.01
8/27/14,144.43,1402238,97726657860,8069255,2.97,5.37,0.02,0.01
8/28/14,143.32,1314062,97752576620,8069255,2.97,5.38,0.02,0.01
8/29/14,144.06,1537846,97765536000,8069255,2.97,5.38,0.02,0.01
9/2/14,143.3,1578809,97908089180,8069255,2.97,5.38,0.02,0.01
9/3/14,144.47,1533616,97648901580,8069255,2.96,5.37,0.02,0.01
9/4/14,144.21,1549930,97512828090,8069255,2.96,5.36,0.02,0.01
9/5/14,143.64,1989529,97895129800,8069255,2.97,5.38,0.02,0.01
9/8/14,144.41,2446144,98342228410,8069255,2.99,5.41,0.02,0.01
9/9/14,144.7,1745351,98063601740,8069255,2.98,5.39,0.02,0.01
9/10/14,144.63,1558786,98180236160,8077232,2.98,5.4,0.02,0.01
9/11/14,143.99,1465360,97992325150,8077232,2.97,5.39,0.02,0.01
9/12/14,144.45,2135444,97726657860,8077232,2.97,5.37,0.02,0.01
9/15/14,144.17,1867980,98076561120,8077232,2.98,5.39,0.02,0.01
9/16/14,143.8,1945076,98316309650,8077232,2.98,5.41,0.02,0.01
9/17/14,144.92,2757021,98653253530,8077232,3,5.43,0.02,0.01
9/18/14,145.7,2367082,99605767960,8077232,3.03,5.48,0.02,0.01
9/19/14,147.42,8106210,99508572610,8077232,3.02,5.48,0.02,0.01
9/22/14,146.92,2231009,98873562990,8077232,3,5.44,0.02,0.01
9/23/14,145.23,2052024,98005284530,8077232,2.97,5.39,0.02,0.01
9/24/14,144.17,2608246,98335748720,7618984,2.98,5.41,0.02,0.01
9/25/14,144.41,2764211,96780623120,7618984,2.94,5.32,0.02,0.01
9/26/14,142.52,3557713,96741744980,7618984,2.93,5.32,0.02,0.01
9/29/14,140.94,2848278,96592712110,7618984,2.93,5.31,0.02,0.01
9/30/14,142.5,2679206,96262247920,7618984,2.92,5.29,0.02,0.01
10/1/14,141.16,2925861,94642325420,7618984,2.87,5.2,0.02,0.01
10/2/14,138.57,3223934,94311861230,7618984,2.86,5.18,0.02,0.01
10/3/14,139.33,3514097,95283814730,7618984,2.89,5.23,0.02,0.01
10/6/14,140.55,2464699,95393969460,7618984,2.89,5.24,0.02,0.01
10/7/14,138.82,3145016,93670371920,7618984,2.84,5.14,0.02,0.01
10/8/14,138.25,4137781,96087296290,7618984,2.91,5.28,0.02,0.01
10/9/14,141.15,3769325,94292422160,8307437,2.86,5.18,0.02,0.01
10/10/14,139.33,7370347,91175691270,8307437,2.76,5,0.03,0.01
10/13/14,134.26,4583764,90573080100,8307437,2.74,4.96,0.03,0.01
10/14/14,133.65,3644279,91402480420,8307437,2.76,5.01,0.03,0.01
10/15/14,132.56,4794670,91428399180,8307437,2.77,5.01,0.03,0.01
10/16/14,133.42,3497195,91966213450,8307437,2.78,5.04,0.03,0.01
10/17/14,135.75,3749126,93488940600,8307437,2.83,5.13,0.02,0.01
10/20/14,137.15,2782534,93618534400,8307437,2.83,5.14,0.02,0.01
10/21/14,138.4,3081162,95776271170,8307437,2.9,5.26,0.02,0.01
10/22/14,140.9,4294426,94493292550,8307437,2.86,5.19,0.02,0.01
10/23/14,141.92,7428392,98635903450,8307437,2.97,5.74,0.02,0.01
10/24/14,145,4480881,99867295210,10694536,3.01,5.88,0.02,0.02
10/27/14,148.09,2844113,1.00489E+11,10694536,3.03,5.91,0.02,0.02
10/28/14,149.83,2368229,1.0145E+11,10694536,3.06,5.97,0.02,0.02
10/29/14,151.39,2060649,1.01418E+11,10694536,3.06,5.97,0.02,0.02
10/30/14,150.49,1836508,1.02161E+11,10694536,3.08,6.03,0.02,0.02
10/31/14,153.83,3016319,1.03231E+11,10694536,3.11,6.09,0.02,0.02
11/3/14,153.14,2376427,1.0293E+11,10694536,3.1,6.07,0.02,0.02
11/4/14,153.92,3128619,1.04051E+11,10694536,3.14,6.14,0.02,0.02
11/5/14,155.68,2770390,1.04461E+11,10694536,3.15,6.17,0.02,0.02
11/6/14,155.69,2067172,1.04692E+11,10694536,3.16,6.18,0.02,0.02
11/7/14,156.15,1882753,1.05012E+11,10694536,3.17,6.2,0.02,0.02
11/10/14,156.25,1463470,1.05724E+11,10694536,3.19,6.25,0.02,0.02
11/11/14,157.95,1812026,1.05371E+11,10903246,3.18,6.23,0.02,0.02
11/12/14,156.65,1500707,1.05736E+11,10903246,3.19,6.25,0.02,0.02
11/13/14,158,2375052,1.06166E+11,10903246,3.2,6.27,0.02,0.02
11/14/14,158.53,1786283,1.06486E+11,10903246,3.21,6.29,0.02,0.02
11/17/14,158.09,1674303,1.06384E+11,10903246,3.21,6.29,0.02,0.02
11/18/14,158.88,2312206,1.07319E+11,10903246,3.24,6.35,0.02,0.02
11/19/14,159.33,2314662,1.06473E+11,10903246,3.21,6.29,0.02,0.02
11/20/14,158.19,1748983,1.06813E+11,10903246,3.22,6.31,0.02,0.02
11/21/14,160.31,2472003,1.07326E+11,10903246,3.24,6.35,0.02,0.02
11/24/14,160.16,2358208,1.07146E+11,10903246,3.23,6.33,0.02,0.02
11/25/14,159,3646343,1.0598E+11,12662943,3.2,6.26,0.02,0.02
11/26/14,157.97,1823224,1.0614E+11,12662943,3.2,6.27,0.02,0.02
11/28/14,159.58,1565487,1.07281E+11,12662943,3.24,6.34,0.02,0.02
12/1/14,158.35,2502120,1.06044E+11,12662943,3.2,6.27,0.02,0.02
12/2/14,158.78,2504391,1.07608E+11,12662943,3.25,6.36,0.02,0.02
12/3/14,161.1,3040255,1.08671E+11,12662943,3.28,6.43,0.02,0.02
12/4/14,162,2165107,1.08671E+11,12662943,3.28,6.43,0.02,0.02
12/5/14,162.4,1722974,1.08678E+11,12662943,3.28,6.43,0.02,0.02
12/8/14,162.1,1905159,1.07819E+11,12662943,3.26,6.38,0.02,0.02
12/9/14,159.89,2051810,1.07755E+11,11398051,3.25,6.37,0.02,0.02
12/10/14,160.71,3251563,1.06095E+11,11398051,3.2,6.27,0.02,0.02
12/11/14,159.18,2437334,1.06678E+11,11398051,3.22,6.31,0.02,0.02
12/12/14,158.56,2823193,1.05377E+11,11398051,3.18,6.23,0.02,0.02
12/15/14,158.12,2610662,1.05204E+11,11398051,3.17,6.21,0.02,0.02
12/16/14,157.26,3383374,1.06614E+11,11398051,3.22,6.3,0.02,0.02
12/17/14,159.29,3948875,1.0684E+11,11398051,3.23,6.36,0.02,0.02
12/18/14,162.4,3359781,1.09829E+11,11398051,3.32,6.55,0.02,0.02
12/19/14,164.78,4891344,1.09944E+11,11398051,3.32,6.56,0.02,0.02
12/22/14,166.22,2090886,1.11082E+11,11398051,3.36,6.63,0.02,0.02
12/23/14,168.02,2190217,1.10828E+11,11398051,3.35,6.61,0.02,0.02
12/24/14,166.17,981961,1.10885E+11,9924248,3.35,6.62,0.02,0.02
12/26/14,167.34,1607376,1.1044E+11,9924248,3.34,6.59,0.02,0.02
12/29/14,166.3,1218833,1.10726E+11,9924248,3.35,6.61,0.02,0.02
12/30/14,166.55,1180680,1.10173E+11,9924248,3.33,6.57,0.02,0.02
12/31/14,166,1631764,1.09206E+11,9924248,3.3,6.51,0.02,0.02
1/2/15,164.71,2117562,1.09041E+11,9924248,3.29,6.5,0.02,0.02
1/5/15,163,3692901,1.06687E+11,9924248,3.22,6.35,0.02,0.02
1/6/15,160.82,3537144,1.056E+11,9924248,3.19,6.29,0.02,0.02
1/7/15,159.9,3081291,1.06331E+11,9924248,3.21,6.33,0.02,0.02
1/8/15,160.65,3149592,1.08767E+11,9924248,3.29,6.48,0.02,0.02
1/9/15,163.85,2378568,1.07489E+11,9924248,3.25,6.4,0.02,0.02
1/12/15,162.39,2149230,1.06929E+11,9463456,3.23,6.37,0.02,0.01
1/13/15,162.23,2706698,1.06853E+11,9463456,3.23,6.36,0.02,0.01
1/14/15,159.04,1983535,1.06357E+11,9463456,3.21,6.33,0.02,0.01
1/15/15,159.84,1881406,1.06242E+11,9463456,3.21,6.33,0.02,0.01
1/16/15,159.86,2349676,1.0773E+11,9463456,3.25,6.42,0.02,0.01
1/20/15,162.72,2096201,1.07692E+11,9463456,3.25,6.42,0.02,0.01
1/21/15,161.66,1597680,1.08074E+11,9463456,3.26,6.44,0.02,0.01
1/22/15,163.26,2225819,1.10205E+11,9463456,3.33,6.57,0.02,0.01
1/23/15,165.75,2249181,1.09015E+11,9463456,3.29,6.5,0.02,0.01
1/26/15,163.62,3556293,1.09155E+11,9463456,3.3,6.51,0.02,0.01
1/27/15,162.31,4190749,1.08389E+11,9112690,3.27,7.91,0.02,0.01
1/28/15,164.61,3574594,1.08586E+11,9112690,3.28,7.92,0.02,0.01
1/29/15,164.07,2674618,1.09979E+11,9112690,3.32,8.03,0.02,0.01
1/30/15,164.75,3561892,1.07543E+11,9112690,3.24,7.84,0.02,0.01
2/2/15,162.12,2379692,1.08892E+11,9112690,3.29,7.95,0.02,0.01
2/3/15,165.17,2604773,1.09858E+11,9112690,3.32,8.02,0.02,0.01
2/4/15,165.78,2363803,1.0914E+11,9112690,3.29,7.97,0.02,0.01
2/5/15,165.31,2050539,1.10246E+11,9112690,3.33,8.05,0.02,0.01
2/6/15,166.23,1826929,1.09941E+11,9112690,3.32,8.03,0.02,0.01
2/9/15,164.38,2072981,1.09159E+11,9112690,3.29,7.97,0.02,0.01
2/10/15,165.4,1885097,1.09782E+11,8973582,3.31,8.01,0.02,0.01
2/11/15,164.52,1695064,1.0893E+11,8973582,3.29,7.95,0.02,0.01
2/12/15,164.93,1615661,1.0972E+11,8973582,3.31,8.04,0.02,0.01
2/13/15,165.9,1792069,1.09739E+11,8973582,3.31,8.04,0.02,0.01
2/17/15,165.94,2100869,1.10361E+11,8973582,3.33,8.09,0.02,0.01
2/18/15,166.92,1552002,1.10666E+11,8973582,3.34,8.11,0.02,0.01
2/19/15,167.4,1648814,1.10469E+11,8973582,3.33,8.1,0.02,0.01
2/20/15,166.74,2416631,1.11123E+11,8973582,3.35,8.15,0.02,0.01
2/23/15,168.14,1835977,1.11561E+11,8973582,3.37,8.18,0.02,0.01
2/24/15,168.27,1770282,1.11758E+11,8973582,3.37,8.19,0.02,0.01
2/25/15,168.97,2019149,1.11612E+11,8115843,3.37,8.18,0.02,0.01
2/26/15,168.85,1789370,1.12069E+11,8115843,3.38,8.22,0.02,0.01
2/27/15,169.66,1946016,1.1146E+11,8115843,3.36,8.17,0.02,0.01
3/2/15,168.16,2223104,1.12634E+11,8115843,3.4,8.26,0.02,0.01
3/3/15,169.57,2232425,1.11218E+11,8115843,3.36,8.15,0.02,0.01
3/4/15,168.26,1575686,1.10514E+11,8115843,3.33,8.1,0.02,0.01
3/5/15,167.21,1547152,1.10774E+11,8115843,3.34,8.12,0.02,0.01
3/6/15,166.5,2114438,1.08737E+11,8115843,3.28,7.96,0.02,0.01
3/9/15,164.72,1608060,1.10012E+11,8115843,3.32,8.06,0.02,0.01
3/10/15,164.81,2564593,1.07404E+11,7690221,3.24,7.86,0.02,0.01
3/11/15,162.7,1894304,1.07067E+11,7690221,3.23,7.84,0.02,0.01
3/12/15,162.59,1715011,1.08806E+11,7690221,3.28,7.97,0.02,0.01
3/13/15,164.02,2284740,1.07708E+11,7690221,3.25,7.88,0.02,0.01
3/16/15,163.58,2111173,1.09911E+11,7690221,3.32,8.05,0.02,0.01
3/17/15,165.52,2557898,1.08654E+11,7690221,3.28,7.96,0.02,0.01
3/18/15,163.16,3062438,1.10076E+11,7690221,3.32,8.07,0.02,0.01
3/19/15,166.16,1953456,1.09562E+11,7690221,3.3,8.03,0.02,0.01
3/20/15,166.09,4371778,1.10089E+11,7690221,3.32,8.07,0.02,0.01
3/23/15,166.83,2157318,1.0986E+11,7690221,3.31,8.05,0.02,0.01
3/24/15,165.58,2090967,1.09981E+11,7731139,3.32,8.06,0.02,0.01
3/25/15,166.24,2540852,1.07683E+11,7731139,3.25,7.88,0.02,0.01
3/26/15,162,2050735,1.07705E+11,7731139,3.25,7.88,0.02,0.01
3/27/15,162.36,1722661,1.08283E+11,7731139,3.26,7.92,0.02,0.01
3/30/15,164.2,1684009,1.09903E+11,7731139,3.32,8.05,0.02,0.01
3/31/15,165.41,2081259,1.09205E+11,7731139,3.29,7.99,0.02,0.01
4/1/15,164.29,2148057,1.07661E+11,7731139,3.24,7.87,0.02,0.01
4/2/15,163.38,1852617,1.07839E+11,7731139,3.25,7.89,0.02,0.01
4/6/15,161.66,2560334,1.09541E+11,7731139,3.3,8.02,0.02,0.01
4/7/15,165.4,2479510,1.10005E+11,7731139,3.32,8.05,0.02,0.01
4/8/15,166.21,1754434,1.10043E+11,7731139,3.32,8.06,0.02,0.01
4/9/15,166.25,1680624,1.10374E+11,7731139,3.33,8.08,0.02,0.01
4/10/15,167.5,1501941,1.10551E+11,7297397,3.34,8.09,0.02,0.01
4/13/15,166.76,1860416,1.0977E+11,7297397,3.31,8.03,0.02,0.01
4/14/15,165.32,1915188,1.09865E+11,7297397,3.31,8.04,0.02,0.01
4/15/15,166.72,1995871,1.10151E+11,7297397,3.32,8.06,0.02,0.01
4/16/15,165.73,1662831,1.09802E+11,7297397,3.31,8.04,0.02,0.01
4/17/15,164.53,3063509,1.07146E+11,7297397,3.23,7.83,0.02,0.01
4/20/15,163,2394237,1.08925E+11,7297397,3.28,7.97,0.02,0.01
4/21/15,165.65,1970534,1.08601E+11,7297397,3.27,7.95,0.02,0.01
4/22/15,163.81,2228828,1.09027E+11,7297397,3.29,7.98,0.02,0.01
4/23/15,159.54,5704517,1.05217E+11,7297397,3.21,7.26,0.03,0.01
4/24/15,159.81,3043484,1.04636E+11,7121418,3.19,7.23,0.03,0.01
4/27/15,159.48,3448760,1.03995E+11,7121418,3.17,7.18,0.03,0.01
4/28/15,157.69,3387920,1.04217E+11,7121418,3.18,7.2,0.03,0.01
4/29/15,157.42,3078628,1.03355E+11,7121418,3.15,7.14,0.03,0.01
4/30/15,156.82,3510160,1.03022E+11,7121418,3.14,7.13,0.03,0.01
5/1/15,156.79,2160149,1.0384E+11,7121418,3.17,7.19,0.03,0.01
5/4/15,158.4,2240314,1.0469E+11,7121418,3.2,7.25,0.03,0.01
5/5/15,158.86,1947744,1.03986E+11,7121418,3.17,7.2,0.03,0.01
5/6/15,157.92,2203122,1.03815E+11,7121418,3.17,7.19,0.03,0.01
5/7/15,157.23,2112923,1.0443E+11,7121418,3.19,7.23,0.03,0.01
5/8/15,160.25,2025537,1.05692E+11,7121418,3.23,7.32,0.03,0.01
5/11/15,160.26,1708711,1.05248E+11,7236818,3.21,7.29,0.03,0.01
5/12/15,158.71,1864809,1.05356E+11,7236818,3.22,7.3,0.03,0.01
5/13/15,160.43,2587859,1.06143E+11,7236818,3.24,7.35,0.03,0.01
5/14/15,162.09,2462549,1.0731E+11,7236818,3.28,7.44,0.03,0.01
5/15/15,163.15,1923774,1.07405E+11,7236818,3.28,7.44,0.03,0.01
5/18/15,163,1748384,1.07132E+11,7236818,3.27,7.42,0.03,0.01
5/19/15,163.07,2076094,1.07291E+11,7236818,3.28,7.44,0.03,0.01
5/20/15,162.42,1978568,1.06517E+11,7236818,3.25,7.38,0.03,0.01
5/21/15,161.9,2401909,1.06618E+11,7236818,3.26,7.39,0.03,0.01
5/22/15,161.99,1822803,1.05933E+11,7236818,3.23,7.34,0.03,0.01
5/26/15,160.98,2471109,1.05051E+11,7236818,3.21,7.27,0.03,0.01
5/27/15,159.82,2625930,1.05959E+11,7593609,3.24,7.34,0.03,0.01
5/28/15,160.35,1578079,1.05863E+11,7593609,3.23,7.33,0.03,0.01
5/29/15,160.44,2880519,1.04728E+11,7593609,3.2,7.25,0.03,0.01
6/1/15,159.1,1906559,1.04665E+11,7593609,3.19,7.25,0.03,0.01
6/2/15,158.28,2481192,1.04728E+11,7593609,3.2,7.25,0.03,0.01
6/3/15,159.61,2074495,1.05413E+11,7593609,3.22,7.3,0.03,0.01
6/4/15,159.51,2237628,1.04265E+11,7593609,3.18,7.22,0.03,0.01
6/5/15,157.5,2314771,1.03459E+11,7593609,3.16,7.16,0.03,0.01
6/8/15,156.5,1608614,1.03148E+11,7593609,3.15,7.14,0.03,0.01
6/9/15,156.85,1810752,1.03396E+11,6705633,3.15,7.16,0.03,0.01
6/10/15,156.95,1758925,1.04703E+11,6705633,3.2,7.25,0.03,0.01
6/11/15,159.12,1854228,1.05223E+11,6705633,3.21,7.29,0.03,0.01
6/12/15,159.85,1910513,1.04068E+11,6705633,3.18,7.2,0.03,0.01
6/15/15,157.08,2353069,1.02692E+11,6705633,3.13,7.1,0.03,0.01
6/16/15,155.49,1729688,1.03085E+11,6705633,3.14,7.13,0.03,0.01
6/17/15,156.6,1839387,1.03377E+11,6705633,3.15,7.15,0.03,0.01
6/18/15,157.59,2528893,1.05071E+11,6705633,3.21,7.28,0.03,0.01
6/19/15,159.36,3287179,1.04646E+11,6705633,3.19,7.24,0.03,0.01
6/22/15,159.85,1447412,1.05109E+11,6705633,3.21,7.28,0.03,0.01
6/23/15,160.41,2286400,1.0521E+11,6705633,3.21,7.29,0.03,0.01
6/24/15,159.68,2862870,1.03751E+11,7633416,3.17,7.18,0.03,0.01
6/25/15,157.85,2564048,1.02723E+11,7633416,3.13,7.11,0.03,0.01
6/26/15,156.16,2625489,1.03466E+11,7633416,3.16,7.16,0.03,0.01
6/29/15,155.92,2474976,1.01474E+11,7633416,3.09,7.02,0.03,0.01
6/30/15,155,2561158,1.01696E+11,7633416,3.1,7.03,0.03,0.01
7/1/15,156.13,1726793,1.02552E+11,7633416,3.13,7.09,0.03,0.01
7/2/15,156.08,2022399,1.02381E+11,7633416,3.12,7.08,0.03,0.01
7/6/15,153.89,2172154,1.02191E+11,7633416,3.12,7.07,0.03,0.01
7/7/15,155.14,2865996,1.02413E+11,7633416,3.12,7.08,0.03,0.01
7/8/15,154.08,2613316,1.00687E+11,7633416,3.07,6.96,0.03,0.01
7/9/15,154.59,2069222,1.01347E+11,7633416,3.09,7.01,0.03,0.01
7/10/15,154.74,2061321,1.02108E+11,7578355,3.11,7.06,0.03,0.01
7/13/15,156.42,2107208,1.03072E+11,7578355,3.14,7.13,0.03,0.01
7/14/15,156.49,1812274,1.03269E+11,7578355,3.15,7.15,0.03,0.01
7/15/15,156.57,1786207,1.02774E+11,7578355,3.13,7.11,0.03,0.01
7/16/15,157.58,2023869,1.03516E+11,7578355,3.16,7.16,0.03,0.01
7/17/15,156.5,2429011,1.03212E+11,7578355,3.15,7.14,0.03,0.01
7/20/15,156.77,2349130,1.03485E+11,7578355,3.16,7.16,0.03,0.01
7/21/15,156.75,2743931,1.02622E+11,7578355,3.13,7.1,0.03,0.01
7/22/15,155.59,3067734,1.024E+11,7578355,3.12,7.08,0.03,0.01
7/23/15,151.92,5176373,99865979500,7578355,3.05,7.11,0.03,0.01
7/24/15,148.86,3433648,98325170850,8799257,3,7.11,0.03,0.01
7/27/15,148.64,3117558,97937828950,8799257,2.99,7.08,0.03,0.01
7/28/15,148.85,3277739,99437216950,8799257,3.03,7.19,0.03,0.01
7/29/15,151.44,2176889,99649630250,8799257,3.04,7.21,0.03,0.01
7/30/15,151,2120011,99761599650,8799257,3.04,7.23,0.03,0.01
7/31/15,152.53,1619622,99617908300,8799257,3.04,7.22,0.03,0.01
8/3/15,150.79,2355658,98855719400,8799257,3.01,7.16,0.03,0.01
8/4/15,150.93,1811933,99030648000,8799257,3.02,7.18,0.03,0.01
8/5/15,151.85,1765640,99411742450,8799257,3.03,7.21,0.03,0.01
8/6/15,150.89,1764818,98318438700,8799257,3,7.12,0.03,0.01
8/7/15,148.48,1669711,98087283050,8799257,2.99,7.1,0.03,0.01
8/10/15,150,1571784,99555433800,8799257,3.04,7.22,0.03,0.01
8/11/15,150,1810785,97831137600,9869741,2.98,7.08,0.03,0.02
8/12/15,147.24,2054319,97856127400,9869741,2.98,7.09,0.03,0.02
8/13/15,148,1793138,97156413000,9869741,2.96,7.03,0.03,0.02
8/14/15,147.66,1401860,97706188600,9869741,2.98,7.08,0.03,0.02
8/17/15,147.43,1648944,98305943800,9869741,3,7.12,0.03,0.02
8/18/15,148.63,1706387,97724930950,9869741,2.98,7.08,0.03,0.02
8/19/15,146.2,2525741,96200553150,9869741,2.93,6.96,0.03,0.02
8/20/15,144.51,3281679,94626195750,9869741,2.88,6.84,0.03,0.02
8/21/15,143.52,5442026,93839017050,9869741,2.85,6.78,0.03,0.02
8/24/15,137.12,7359480,91646218779,9869741,2.78,6.61,0.03,0.02
8/25/15,141.86,5435890,91058958094,9738207,2.76,6.57,0.03,0.02
8/26/15,140,4562206,94232664772,9738207,2.87,6.81,0.03,0.02
8/27/15,143.75,4104567,94969864355,9738207,2.89,6.87,0.03,0.02
8/28/15,143.02,2664554,95163535431,9738207,2.9,6.88,0.03,0.02
8/31/15,143,2514923,93870312435,9738207,2.85,6.78,0.03,0.02
9/1/15,139.48,3671447,91596239146,9738207,2.78,6.61,0.03,0.02
9/2/15,140.54,3312687,93308041567,9738207,2.84,6.74,0.03,0.02
9/3/15,141.94,2606203,93620414271,9738207,2.85,6.76,0.03,0.02
9/4/15,139.94,3195773,92433397994,9738207,2.81,6.67,0.03,0.02
9/8/15,142.05,2432857,94676234012,9738207,2.88,6.84,0.03,0.02
9/9/15,144.86,2642784,93070638311,9738207,2.83,6.72,0.03,0.02
9/10/15,141,2031210,93020658679,11191177,2.83,6.72,0.03,0.02
9/11/15,140.61,2506009,93320536475,11191177,2.84,6.74,0.03,0.02
9/14/15,141.52,2277158,93039401041,11191177,2.83,6.72,0.03,0.02
9/15/15,141.56,2690814,94782440732,11191177,2.88,6.85,0.03,0.02
9/16/15,143.51,2060707,95157287977,11191177,2.89,6.88,0.03,0.02
9/17/15,143.81,2855145,94376356216,11191177,2.87,6.82,0.03,0.02
9/18/15,141.17,6526037,92295954004,11191177,2.8,6.66,0.03,0.02
9/21/15,140.5,2492937,92558347076,11191177,2.81,6.68,0.03,0.02
9/22/15,138.27,2775299,91296361350,11191177,2.77,6.59,0.03,0.02
9/23/15,138.53,2684501,91071453002,11191177,2.76,6.57,0.03,0.02
9/24/15,136.63,2690259,91021473370,12356967,2.76,6.56,0.03,0.02
9/25/15,139.62,3767195,92258469280,12356967,2.8,6.66,0.03,0.02
9/28/15,138.3,3468936,91521269697,12356967,2.78,6.6,0.03,0.02
9/29/15,138.62,4946046,93501712643,12356967,2.84,6.75,0.03,0.02
9/30/15,142.52,3619263,93639156633,12356967,2.85,6.76,0.03,0.02
10/1/15,142.21,2486292,93033153587,12356967,2.83,6.72,0.03,0.02
10/2/15,139.08,3064411,94532542568,12356967,2.87,6.83,0.03,0.02
10/5/15,144.3,2987249,96481748244,12356967,2.94,6.98,0.03,0.02
10/6/15,145.99,2256802,96150633178,12356967,2.93,6.96,0.03,0.02
10/7/15,146.74,1957149,97243937643,12356967,2.96,7.04,0.03,0.02
10/8/15,146.65,2008766,98455943737,12356967,3,7.13,0.03,0.02
10/9/15,149.56,2293990,98718336809,12732989,3.01,7.15,0.03,0.02
10/12/15,150.26,1429298,98818296074,12732989,3.01,7.16,0.03,0.02
10/13/15,148.91,2027618,98224787935,12732989,2.99,7.11,0.03,0.02
10/14/15,149,2260312,97731239062,12732989,2.98,7.08,0.03,0.02
10/15/15,149.64,2589025,98274767568,12732989,3,7.12,0.03,0.02
10/16/15,149.77,2490502,97968642318,12732989,2.99,7.1,0.03,0.02
10/19/15,147.97,2004235,97531320532,12732989,2.97,7.06,0.03,0.02
10/20/15,147.45,2409281,98224787935,12732989,2.99,7.11,0.03,0.02
10/21/15,149.5,3012100,98668357176,12732989,3.01,7.15,0.03,0.02
10/22/15,151.34,5111866,1.06955E+11,12732989,3.18,7.86,0.03,0.02
10/23/15,156.54,2997423,1.05417E+11,12732989,3.13,7.85,0.03,0.02
10/26/15,156.06,2136125,1.05879E+11,11510154,3.14,7.88,0.03,0.02
10/27/15,156,1970111,1.05996E+11,11510154,3.14,7.89,0.03,0.02
10/28/15,156.49,2724680,1.06827E+11,11510154,3.17,7.96,0.03,0.02
10/29/15,157.75,1484607,1.06576E+11,11510154,3.16,7.96,0.03,0.02
10/30/15,157.8,2672128,1.06329E+11,11510154,3.15,7.94,0.03,0.02
11/2/15,157.51,2701780,1.07998E+11,11510154,3.21,8.08,0.03,0.02
11/3/15,159.48,2972822,1.07277E+11,11510154,3.18,8.02,0.03,0.02
11/4/15,159,2254169,1.07376E+11,11510154,3.19,8.03,0.03,0.02
11/5/15,159.38,2023902,1.07425E+11,11510154,3.19,8.03,0.03,0.02
11/6/15,158.02,1859957,1.07591E+11,11510154,3.19,8.05,0.03,0.02
11/9/15,158.67,2421017,1.06489E+11,11510154,3.16,7.96,0.03,0.02
11/10/15,157.23,1962870,1.06563E+11,9435342,3.16,7.96,0.03,0.02
11/11/15,157.86,2527087,1.07462E+11,9435342,3.19,8.04,0.03,0.02
11/12/15,157.78,2305645,1.05769E+11,9435342,3.14,7.9,0.03,0.02
11/13/15,156,2434539,1.05369E+11,9435342,3.12,7.86,0.03,0.02
11/16/15,155.61,2394999,1.06945E+11,9435342,3.17,7.99,0.03,0.02
11/17/15,158.36,2392966,1.06218E+11,9435342,3.15,7.93,0.03,0.02
11/18/15,156.18,2226895,1.0644E+11,9435342,3.16,7.95,0.03,0.02
11/19/15,157.63,1518174,1.0705E+11,9435342,3.18,8,0.03,0.02
11/20/15,158.68,1891113,1.07401E+11,9435342,3.19,8.03,0.03,0.02
11/23/15,158.9,1430410,1.07216E+11,9435342,3.18,8.02,0.03,0.02
11/24/15,157.37,2100625,1.06662E+11,8419698,3.16,7.97,0.03,0.01
11/25/15,158.06,1184162,1.06588E+11,8419698,3.16,7.96,0.03,0.01
11/27/15,157.51,876130,1.06809E+11,8419698,3.17,7.98,0.03,0.01
11/30/15,158.1,2934244,1.05941E+11,8419698,3.14,7.91,0.03,0.01
12/1/15,156.41,2258962,1.06138E+11,8419698,3.15,7.93,0.03,0.01
12/2/15,156.88,2034661,1.054E+11,8419698,3.12,7.87,0.03,0.01
12/3/15,156.56,2609503,1.04587E+11,8419698,3.1,7.8,0.03,0.01
12/4/15,154.79,2175780,1.06951E+11,8419698,3.17,7.99,0.03,0.01
12/7/15,157.53,2142784,1.06662E+11,8419698,3.16,7.97,0.03,0.01
12/8/15,156.44,2350423,1.06071E+11,8419698,3.15,7.92,0.03,0.01
12/9/15,156.17,2660838,1.05615E+11,7170217,3.13,7.88,0.03,0.01
12/10/15,155.73,2551244,1.0652E+11,7170217,3.16,7.96,0.03,0.01
12/11/15,155.55,2523192,1.04864E+11,7170217,3.11,7.82,0.03,0.01
12/14/15,155.29,3462196,1.06588E+11,7170217,3.16,7.96,0.03,0.01
12/15/15,151.99,8645905,1.00739E+11,7170217,2.97,7.48,0.03,0.01
12/16/15,148.15,4774134,1.01859E+11,7170217,3.01,7.58,0.03,0.01
12/17/15,150.15,3053902,1.01182E+11,7170217,2.99,7.52,0.03,0.01
12/18/15,148.21,5736432,99993553960,7170217,2.95,7.42,0.03,0.01
12/21/15,147.58,2284411,1.00338E+11,7170217,2.96,7.45,0.03,0.01
12/22/15,148.12,2528661,1.01256E+11,7170217,2.99,7.53,0.03,0.01
12/23/15,149.69,2215346,1.02604E+11,7170217,3.03,7.64,0.03,0.01
12/24/15,150.82,848403,1.02623E+11,6945036,3.03,7.64,0.03,0.01
12/28/15,151.13,1275184,1.02641E+11,6945036,3.03,7.64,0.03,0.01
12/29/15,152.2,1824695,1.03669E+11,6945036,3.07,7.72,0.03,0.01
12/30/15,152.79,1553075,1.03066E+11,6945036,3.05,7.68,0.03,0.01
12/31/15,151.73,1607102,1.02284E+11,6945036,3.02,7.61,0.03,0.01
1/4/16,148.05,3277188,99931982660,6945036,2.95,7.42,0.03,0.01
1/5/16,146.82,2688082,1.00326E+11,6945036,2.96,7.45,0.03,0.01
1/6/16,145.59,2997126,98497371370,6945036,2.9,7.3,0.03,0.01
1/7/16,142.52,3553519,96330061610,6945036,2.83,7.12,0.03,0.01
1/8/16,141.36,2663979,96034519370,6945036,2.82,7.1,0.03,0.01
1/11/16,140.97,2775527,96016047980,6945036,2.82,7.1,0.03,0.01
1/12/16,141.36,2363612,96262333180,7250617,2.83,7.12,0.03,0.01
1/13/16,140.89,2598252,94944707360,7250617,2.78,7.01,0.03,0.01
1/14/16,139.74,3720400,96459361340,7250617,2.83,7.13,0.03,0.01
1/15/16,138.3,4683496,94926235970,7250617,2.78,7.01,0.03,0.01
1/19/16,140.1,3399796,94741522070,7250617,2.78,6.99,0.03,0.01
1/20/16,136.95,4136338,93861052480,7250617,2.75,6.92,0.03,0.01
1/21/16,136.96,3355469,94353622880,7250617,2.76,6.96,0.03,0.01
1/22/16,140.14,2979077,95437277760,7250617,2.8,7.05,0.03,0.01
1/25/16,138.96,2805458,94236637410,7250617,2.76,6.95,0.03,0.01
1/26/16,141.79,5129123,98023928140,7250617,2.94,7.51,0.03,0.01
1/27/16,144.95,3596399,97568999548,7193166,2.93,7.55,0.03,0.01
1/28/16,146.16,3067960,98647513867,7193166,2.97,7.64,0.03,0.01
1/29/16,148.24,3993211,1.0089E+11,7193166,3.04,7.83,0.03,0.01
2/1/16,149.33,2701512,99506669342,7193166,2.99,7.71,0.03,0.01
2/2/16,147.59,3581835,98982645435,7193166,2.98,7.67,0.03,0.01
2/3/16,149.36,5766764,1.01816E+11,7193166,3.07,7.91,0.03,0.01
2/4/16,152.42,3458366,1.02377E+11,7193166,3.09,7.96,0.03,0.01
2/5/16,153.2,3368495,1.02395E+11,7193166,3.09,7.96,0.03,0.01
2/8/16,151.63,2505355,1.02657E+11,7193166,3.1,7.98,0.03,0.01
2/9/16,152.95,2968410,1.03169E+11,7602991,3.11,8.03,0.03,0.01
2/10/16,154.43,2911985,1.01773E+11,7602991,3.07,7.91,0.03,0.01
2/11/16,149.91,3182232,1.00128E+11,7602991,3.01,7.84,0.03,0.01
2/12/16,150.67,2292155,1.02119E+11,7602991,3.08,8.01,0.03,0.01
2/16/16,155,2140576,1.03069E+11,7602991,3.11,8.09,0.03,0.01
2/17/16,156,2156064,1.03728E+11,7602991,3.13,8.15,0.03,0.01
2/18/16,156.35,2010220,1.03825E+11,7602991,3.13,8.16,0.03,0.01
2/19/16,157,2121331,1.03625E+11,7602991,3.13,8.14,0.03,0.01
2/22/16,156.45,2207565,1.04382E+11,7602991,3.15,8.21,0.03,0.01
2/23/16,157.63,1922779,1.03456E+11,7602991,3.12,8.13,0.03,0.01
2/24/16,154.84,1937839,1.04091E+11,7052088,3.14,8.18,0.03,0.01
2/25/16,157.54,1718362,1.05162E+11,7052088,3.18,8.27,0.03,0.01
2/26/16,159.15,1843721,1.04726E+11,7052088,3.16,8.24,0.03,0.01
2/29/16,158.01,1993169,1.03879E+11,7052088,3.14,8.16,0.03,0.01
3/1/16,158.75,2204125,1.05525E+11,7052088,3.19,8.31,0.03,0.01
3/2/16,158.88,1807199,1.05416E+11,7052088,3.19,8.3,0.03,0.01
3/3/16,159.41,1926039,1.05398E+11,7052088,3.19,8.29,0.03,0.01
3/4/16,159.46,1766328,1.05815E+11,7052088,3.2,8.33,0.03,0.01
3/7/16,159.98,2012810,1.06118E+11,7052088,3.21,8.36,0.03,0.01
3/8/16,159.4,2020133,1.05894E+11,7052088,3.2,8.34,0.03,0.01
3/9/16,160.5,1883182,1.05828E+11,7052088,3.2,8.33,0.03,0.01
3/10/16,160.77,1875660,1.05707E+11,6740326,3.2,8.32,0.03,0.01
3/11/16,161.14,1697205,1.06911E+11,6740326,3.24,8.42,0.03,0.01
3/14/16,161.61,1747318,1.06868E+11,6740326,3.23,8.42,0.03,0.01
3/15/16,160.16,1828242,1.07231E+11,6740326,3.25,8.45,0.03,0.01
3/16/16,161.96,1927690,1.07522E+11,6740326,3.26,8.48,0.03,0.01
3/17/16,163.16,2790076,1.08042E+11,6740326,3.27,8.52,0.03,0.01
3/18/16,164.15,5853042,1.08998E+11,6740326,3.3,8.6,0.03,0.01
3/21/16,165.05,2095053,1.08701E+11,6740326,3.29,8.58,0.03,0.01
3/22/16,164.5,2146288,1.08744E+11,6740326,3.3,8.58,0.03,0.01
3/23/16,164.6,2304955,1.08357E+11,6740326,3.28,8.55,0.03,0.01
3/24/16,163.68,1868769,1.08598E+11,7293893,3.29,8.56,0.03,0.01
3/28/16,164.93,2336768,1.09701E+11,7293893,3.33,8.65,0.03,0.01
3/29/16,164.93,2525004,1.08556E+11,7293893,3.29,8.56,0.03,0.01
3/30/16,165.37,2195874,1.09985E+11,7293893,3.34,8.68,0.03,0.01
3/31/16,166.75,1777204,1.09913E+11,7293893,3.33,8.67,0.03,0.01
4/1/16,165.63,2011569,1.10458E+11,7293893,3.35,8.72,0.03,0.01
4/4/16,167.11,2022797,1.09773E+11,7293893,3.33,8.66,0.03,0.01
4/5/16,165.18,1617437,1.09416E+11,7293893,3.32,8.63,0.03,0.01
4/6/16,165.34,2092183,1.10022E+11,7293893,3.34,8.68,0.03,0.01
4/7/16,165.88,2728268,1.10234E+11,7293893,3.35,8.7,0.03,0.01
4/8/16,167.71,1729301,1.09913E+11,7293893,3.33,8.67,0.03,0.01
4/11/16,167.12,1521065,1.09888E+11,6068551,3.33,8.67,0.03,0.01
4/12/16,167.01,1636492,1.10761E+11,6068551,3.36,8.74,0.03,0.01
4/13/16,168.47,1545911,1.111E+11,6068551,3.37,8.77,0.03,0.01
4/14/16,169,1213407,1.10839E+11,6068551,3.37,8.75,0.03,0.01
4/15/16,168.32,1417007,1.11215E+11,6068551,3.38,8.78,0.03,0.01
4/18/16,168.47,1146593,1.11682E+11,6068551,3.39,8.82,0.03,0.01
4/19/16,169.92,1849420,1.11742E+11,6068551,3.39,8.83,0.03,0.01
4/20/16,170.14,1439679,1.11312E+11,6068551,3.38,8.79,0.03,0.01
4/21/16,168.97,1634976,1.11142E+11,6068551,3.38,8.78,0.03,0.01
4/22/16,169.09,1802263,1.11142E+11,6068551,3.38,8.78,0.03,0.01
4/25/16,168,2378321,1.10973E+11,6068551,3.37,8.76,0.03,0.01
4/26/16,167.5,3192066,1.10299E+11,6100435,3.34,8.56,0.03,0.01
4/27/16,166.99,2227723,1.11375E+11,6100435,3.38,8.64,0.03,0.01
4/28/16,166.85,1654654,1.10914E+11,6100435,3.36,8.6,0.03,0.01
4/29/16,166.98,1961811,1.11144E+11,6100435,3.37,8.62,0.03,0.01
5/2/16,167.3,1700272,1.11727E+11,6100435,3.39,8.67,0.03,0.01
5/3/16,167.39,1922150,1.11544E+11,6100435,3.38,8.68,0.03,0.01
5/4/16,166.37,2118061,1.11053E+11,6100435,3.37,8.64,0.03,0.01
5/5/16,167.46,1680203,1.11423E+11,6100435,3.38,8.67,0.03,0.01
5/6/16,167.84,1630184,1.12102E+11,6100435,3.4,8.73,0.03,0.01
5/9/16,168.59,1301262,1.11878E+11,6100435,3.4,8.71,0.03,0.01
5/10/16,169.23,1733147,1.12933E+11,5899231,3.43,8.8,0.03,0.01
5/11/16,170.2,1786405,1.12636E+11,5899231,3.42,8.78,0.03,0.01
5/12/16,169.86,1741928,1.12866E+11,5899231,3.43,8.8,0.03,0.01
5/13/16,170.05,1875893,1.11757E+11,5899231,3.39,8.7,0.03,0.01
5/16/16,168.5,1826217,1.12503E+11,5899231,3.42,8.76,0.03,0.01
5/17/16,169.57,2126015,1.11447E+11,5899231,3.38,8.67,0.03,0.01
5/18/16,166.5,1624389,1.10847E+11,5899231,3.36,8.62,0.03,0.01
5/19/16,165.37,1657333,1.0981E+11,5899231,3.33,8.54,0.03,0.01
5/20/16,165.25,1746994,1.09749E+11,5899231,3.32,8.53,0.03,0.01